Date,Year,Month,Potato_Price_CWT,Real_Potato_Price,CPI_AllItems,CPI_Vegetables,PPI_FarmProducts,Avg_Temp_F,Precipitation_inch,Annual_Production_CWT,Price_Imputed,Price_lag1,Price_lag2,Price_lag3,Price_lag6,Price_lag12,CPI_AllItems_lag1,CPI_AllItems_lag3,CPI_AllItems_lag6,CPI_Vegetables_lag1,CPI_Vegetables_lag3,CPI_Vegetables_lag6,PPI_FarmProducts_lag1,PPI_FarmProducts_lag3,PPI_FarmProducts_lag6,Avg_Temp_F_lag1,Avg_Temp_F_lag3,Avg_Temp_F_lag6,Precipitation_inch_lag1,Precipitation_inch_lag3,Precipitation_inch_lag6,Price_roll3_mean,Price_roll6_mean,Price_roll3_std,Price_roll12_mean,Temp_roll3_mean,Prec_roll3_mean,Month_sin,Month_cos,Year_trend,Log_Price,PPI_x_Production
1996-01-01,1996,1,6.65,4.2986,154.7,150.6,134.2,29.7,2.82,499254000.0,0,6.33,6.39,6.3,8.75,4.83,153.9,153.5,152.6,150.4,150.0,149.1,134.7,104.8,91.3,33.42,54.45,73.53,2.25,2.63,2.65,6.34,6.694999999999999,0.045825756949564894,6.144166666666667,35.050000000000004,2.48,0.49999999999999994,0.8660254037844387,1.0,1.8946168546677629,1.1051263690641306
1996-02-01,1996,2,6.92,4.4645,155.0,150.9,119.5,35.69,1.89,499254000.0,0,6.65,6.33,6.39,6.64,4.97,154.7,153.7,152.9,150.6,150.2,149.4,134.2,115.2,96.9,29.7,42.03,74.3,2.82,2.37,2.66,6.456666666666667,6.345,0.17009801096231045,6.295833333333333,32.93666666666667,2.32,0.8660254037844386,0.5000000000000001,1.0,1.9344157696295783,0.9840730335556155
1996-03-01,1996,3,7.51,4.8296,155.5,151.2,131.3,39.02,2.24,499254000.0,0,6.92,6.65,6.33,5.76,5.37,155.0,153.9,153.1,150.9,150.4,149.6,119.5,134.7,102.0,35.69,33.42,64.67,1.89,2.25,2.2,6.633333333333333,6.391666666666667,0.29535289626704947,6.458333333333333,34.803333333333335,2.316666666666667,1.0,6.123233995736766e-17,1.0,2.0162354657760435,1.0812450987937434
1996-04-01,1996,4,7.83,5.016,156.1,151.6,134.7,50.65,2.56,499254000.0,0,7.51,6.92,6.65,6.3,5.41,155.5,154.7,153.5,151.2,150.6,150.0,131.3,134.2,104.8,39.02,29.7,54.45,2.24,2.82,2.63,7.026666666666667,6.683333333333334,0.43981056528161633,6.636666666666667,41.78666666666667,2.2300000000000004,0.8660254037844387,-0.4999999999999998,1.0,2.057962510002712,1.1092438294555766
1996-05-01,1996,5,8.09,5.1726,156.4,152.0,139.8,60.96,3.32,499254000.0,0,7.83,7.51,6.92,6.39,5.86,156.1,155.0,153.7,151.6,150.9,150.2,134.7,119.5,115.2,50.65,35.69,42.03,2.56,1.89,2.37,7.419999999999999,6.938333333333333,0.4616275555033537,6.838333333333334,50.21,2.706666666666667,0.49999999999999994,-0.8660254037844387,1.0,2.0906287310704004,1.151241925448327
1996-06-01,1996,6,8.18,5.2202,156.7,152.3,140.9,69.84,2.86,499254000.0,0,8.09,7.83,7.51,6.33,7.12,156.4,155.5,153.9,152.0,151.2,150.4,139.8,131.3,134.7,60.96,39.02,33.42,3.32,2.24,2.25,7.81,7.221666666666667,0.29051678092668237,7.024166666666667,60.48333333333333,2.9133333333333336,1.2246467991473532e-16,-1.0,1.0,2.1016921506146558,1.1603003383095083
1996-07-01,1996,7,8.02,5.1083,157.0,152.8,142.0,73.62,3.11,499254000.0,0,8.18,8.09,7.83,6.65,8.75,156.7,156.1,154.7,152.3,151.6,150.6,140.9,134.7,134.2,69.84,50.65,29.7,2.86,2.56,2.82,8.033333333333333,7.53,0.18175074506954697,7.1125,68.14,3.0966666666666662,-0.4999999999999997,-0.8660254037844388,1.0,2.081938421878423,1.1693587511706895
1996-08-01,1996,8,5.59,3.556,157.2,153.1,135.0,72.41,2.66,499254000.0,0,8.02,8.18,8.09,6.92,6.64,157.0,156.4,155.0,152.8,152.0,150.9,142.0,139.8,119.5,73.62,60.96,35.69,3.11,3.32,1.89,8.096666666666666,7.758333333333333,0.0802080627701199,7.051666666666667,71.95666666666666,2.8766666666666665,-0.8660254037844384,-0.5000000000000004,1.0,1.7209792871670078,1.1117143056904442
1996-09-01,1996,9,4.93,3.1262,157.7,153.5,123.1,63.45,3.44,499254000.0,0,5.59,8.02,8.18,7.51,5.76,157.2,156.7,155.5,153.1,152.3,151.2,135.0,140.9,131.3,72.41,69.84,39.02,2.66,2.86,2.24,7.263333333333333,7.536666666666666,1.4513556880838454,6.964166666666666,69.82666666666667,3.0700000000000003,-1.0,-1.8369701987210297e-16,1.0,1.5953389880545987,1.0137187483740273
1996-10-01,1996,10,4.76,3.0088,158.2,154.2,112.4,53.64,2.49,499254000.0,0,4.93,5.59,8.02,7.83,6.3,157.7,157.0,156.1,153.5,152.8,151.6,123.1,142.0,134.7,63.45,73.62,50.65,3.44,3.11,2.56,6.18,7.1066666666666665,1.6272983746074334,6.8950000000000005,63.166666666666664,2.8633333333333333,-0.8660254037844386,0.5000000000000001,1.0,1.5602476682433286,0.9256050959970811
1996-11-01,1996,11,4.43,2.7914,158.7,154.7,113.0,39.63,3.0,499254000.0,0,4.76,4.93,5.59,8.09,6.39,158.2,157.2,156.4,154.2,153.1,152.0,112.4,135.0,139.8,53.64,72.41,60.96,2.49,2.66,3.32,5.093333333333333,6.595,0.4384442191811011,6.766666666666666,52.24,2.9766666666666666,-0.5000000000000004,0.8660254037844384,1.0,1.4883995840570443,0.9305460484668164
1996-12-01,1996,12,4.32,2.7153,159.1,155.0,104.2,33.91,3.28,499254000.0,0,4.43,4.76,4.93,8.18,6.33,158.7,157.7,156.7,154.7,153.5,152.3,113.0,123.1,140.9,39.63,63.45,69.84,3.0,3.44,2.86,4.706666666666666,5.984999999999999,0.2542308662088929,6.603333333333333,42.39333333333334,2.9233333333333333,-2.4492935982947064e-16,1.0,1.0,1.463255402256019,0.8580787455773653
1997-01-01,1997,1,4.22,2.6474,159.4,155.3,107.4,29.97,2.81,467091000.0,0,4.32,4.43,4.76,8.02,6.65,159.1,158.2,157.0,155.0,154.2,152.8,104.2,112.4,142.0,33.91,53.64,73.62,3.28,2.49,3.11,4.503333333333333,5.341666666666666,0.22898325994125246,6.435833333333332,34.50333333333333,3.03,0.49999999999999994,0.8660254037844387,2.0,1.4398351280479205,0.8274536067359763
1997-02-01,1997,2,4.56,2.8554,159.7,155.6,110.8,36.05,2.38,467091000.0,0,4.22,4.32,4.43,5.59,6.92,159.4,158.7,157.2,155.3,154.7,153.1,107.4,113.0,135.0,29.97,39.63,72.41,2.81,3.0,2.66,4.323333333333333,4.708333333333333,0.10503967504387406,6.233333333333333,33.309999999999995,2.8233333333333337,0.8660254037844386,0.5000000000000001,2.0,1.5173226235262947,0.8536485998728695
1997-03-01,1997,3,4.64,2.9036,159.8,156.0,114.7,44.65,2.44,467091000.0,0,4.56,4.22,4.32,4.93,7.51,159.7,159.1,157.7,155.6,155.0,153.5,110.8,104.2,123.1,36.05,33.91,63.45,2.38,3.28,3.44,4.366666666666666,4.536666666666666,0.17473789896105188,6.036666666666666,36.88999999999999,2.5433333333333334,1.0,6.123233995736766e-17,2.0,1.534714366238164,0.883695797882835
1997-04-01,1997,4,4.67,2.9206,159.9,156.2,109.0,47.91,2.99,467091000.0,0,4.64,4.56,4.22,4.76,7.83,159.8,159.4,158.2,156.0,155.3,154.2,114.7,107.4,112.4,44.65,29.97,53.64,2.44,2.81,2.49,4.473333333333333,4.488333333333333,0.223009715782347,5.797499999999999,42.87,2.6033333333333335,0.8660254037844387,-0.4999999999999998,2.0,1.541159071680806,0.8397806623298083
1997-05-01,1997,5,5.31,3.3208,159.9,156.3,108.4,59.38,2.78,467091000.0,0,4.67,4.64,4.56,4.43,8.09,159.9,159.7,158.7,156.2,155.6,154.7,109.0,110.8,113.0,47.91,36.05,39.63,2.99,2.38,3.0,4.623333333333334,4.473333333333334,0.05686240703068894,5.534166666666667,50.64666666666667,2.7366666666666664,0.49999999999999994,-0.8660254037844387,2.0,1.6695918352538475,0.8351580164821213
1997-06-01,1997,6,5.67,3.5393,160.2,156.6,110.9,68.29,3.4,467091000.0,0,5.31,4.67,4.64,4.32,8.18,159.9,159.8,159.1,156.3,156.0,155.0,108.4,114.7,104.2,59.38,44.65,33.91,2.78,2.44,3.28,4.873333333333333,4.62,0.3784617990409657,5.302499999999999,58.526666666666664,3.0566666666666666,1.2246467991473532e-16,-1.0,2.0,1.7351891177396608,0.854419040847484
1997-07-01,1997,7,5.66,3.5287,160.4,157.1,92.4,73.17,2.7,467091000.0,0,5.67,5.31,4.67,4.22,8.02,160.2,159.9,159.4,156.6,156.2,155.3,110.9,109.0,107.4,68.29,47.91,29.97,3.4,2.99,2.81,5.216666666666667,4.845,0.5064911976859274,5.093333333333334,66.94666666666667,2.9599999999999995,-0.4999999999999997,-0.8660254037844388,2.0,1.7334238922150915,0.7118874605438009
1997-08-01,1997,8,6.31,3.9241,160.8,157.4,97.1,71.73,2.68,467091000.0,0,5.66,5.67,5.31,4.56,5.59,160.4,159.9,159.7,157.1,156.3,155.6,92.4,108.4,110.8,73.17,59.38,36.05,2.7,2.78,2.38,5.546666666666667,5.085,0.2050203241957393,4.8966666666666665,71.06333333333333,2.926666666666667,-0.8660254037844384,-0.5000000000000004,2.0,1.8421356765531218,0.7480981863506825
1997-09-01,1997,9,5.08,3.1514,161.2,157.8,99.7,66.4,2.54,467091000.0,0,6.31,5.66,5.67,4.64,4.93,160.8,160.2,159.8,157.4,156.6,156.0,97.1,110.9,114.7,71.73,68.29,44.65,2.68,3.4,2.44,5.88,5.376666666666666,0.3724244889907122,4.956666666666667,70.43333333333334,2.64,-1.0,-1.8369701987210297e-16,2.0,1.6253112615903906,0.7681296516906596
1997-10-01,1997,10,4.93,3.0526,161.5,158.2,99.1,53.91,2.52,467091000.0,0,5.08,6.31,5.66,4.67,4.76,161.2,160.4,159.9,157.8,157.1,156.2,99.7,92.4,109.0,66.4,73.17,47.91,2.54,2.7,2.99,5.683333333333334,5.449999999999999,0.6153318887668069,4.969166666666666,64.01333333333334,2.58,-0.8660254037844386,0.5000000000000001,2.0,1.5953389880545987,0.7635070058429725
1997-11-01,1997,11,5.12,3.1664,161.7,158.6,91.5,40.86,2.28,467091000.0,0,4.93,5.08,6.31,5.31,4.43,161.5,160.8,159.9,158.2,157.4,156.3,99.1,97.1,108.4,53.91,71.73,59.38,2.52,2.68,2.78,5.44,5.493333333333333,0.7571657678474324,4.983333333333333,53.723333333333336,2.4466666666666668,-0.5000000000000004,0.8660254037844384,2.0,1.6331544390514163,0.7049534917722703
1997-12-01,1997,12,5.36,3.3127,161.8,159.0,105.9,34.0,2.3,467091000.0,0,5.12,4.93,5.08,5.67,4.32,161.7,161.2,160.2,158.6,157.8,156.6,91.5,99.7,110.9,40.86,66.4,68.29,2.28,2.54,3.4,5.043333333333334,5.461666666666666,0.1001665280087323,5.040833333333333,42.923333333333325,2.3666666666666667,-2.4492935982947064e-16,1.0,2.0,1.6789639750827108,0.8158969921167588
1998-01-01,1998,1,5.41,3.3395,162.0,159.2,97.8,34.99,3.35,475667000.0,0,5.36,5.12,4.93,5.66,4.22,161.8,161.5,160.4,159.0,158.2,157.1,105.9,99.1,92.4,34.0,53.91,73.17,2.3,2.52,2.7,5.136666666666667,5.41,0.21548395145189927,5.1274999999999995,36.61666666666667,2.643333333333333,0.49999999999999994,0.8660254037844387,3.0,1.6882490928583902,0.767325710485481
1998-02-01,1998,2,5.88,3.6296,162.0,159.6,112.7,38.71,3.32,475667000.0,0,5.41,5.36,5.12,6.31,4.56,162.0,161.7,160.8,159.2,158.6,157.4,97.8,91.5,97.1,34.99,40.86,71.73,3.35,2.28,2.68,5.296666666666667,5.368333333333333,0.1550268793897525,5.226666666666667,35.9,2.99,0.8660254037844386,0.5000000000000001,3.0,1.7715567619105355,0.8842291162751914
1998-03-01,1998,3,6.41,3.9568,162.0,159.9,102.6,41.32,3.22,475667000.0,0,5.88,5.41,5.36,5.08,4.64,162.0,161.8,161.2,159.6,159.0,157.8,112.7,105.9,99.7,38.71,34.0,66.4,3.32,2.3,2.54,5.55,5.296666666666667,0.28687976575560736,5.336666666666666,38.34,3.296666666666667,1.0,6.123233995736766e-17,3.0,1.8578592709325787,0.8049858680553206
1998-04-01,1998,4,6.27,3.8656,162.2,160.2,94.1,51.06,2.56,475667000.0,0,6.41,5.88,5.41,4.93,4.67,162.0,162.0,161.5,159.9,159.2,158.2,102.6,97.8,99.1,41.32,34.99,53.91,3.22,3.35,2.52,5.900000000000001,5.5183333333333335,0.5002999100539532,5.484166666666667,43.696666666666665,3.033333333333333,0.8660254037844387,-0.4999999999999998,3.0,1.8357763546448294,0.738296005692063
1998-05-01,1998,5,6.46,3.9729,162.6,160.6,91.6,62.46,2.62,475667000.0,0,6.27,6.41,5.88,5.12,5.31,162.2,162.0,161.7,160.2,159.6,158.6,94.1,112.7,91.5,51.06,38.71,40.86,2.56,3.32,2.28,6.186666666666667,5.741666666666667,0.27465129406818456,5.6175,51.61333333333334,2.8000000000000003,0.49999999999999994,-0.8660254037844387,3.0,1.8656293177945105,0.7186813402911049
1998-06-01,1998,6,6.13,3.7654,162.8,160.7,87.4,68.11,3.32,475667000.0,0,6.46,6.27,6.41,5.36,5.67,162.6,162.0,161.8,160.6,159.9,159.0,91.6,102.6,105.9,62.46,41.32,34.0,2.62,3.22,2.3,6.38,5.965,0.09848857801794132,5.713333333333334,60.54333333333333,2.8333333333333335,1.2246467991473532e-16,-1.0,3.0,1.81319474994812,0.6857287024174954
1998-07-01,1998,7,5.78,3.5417,163.2,161.1,84.8,75.45,2.86,475667000.0,0,6.13,6.46,6.27,5.41,5.66,162.8,162.2,162.0,160.7,160.2,159.2,87.4,94.1,97.8,68.11,51.06,34.99,3.32,2.56,3.35,6.286666666666666,6.093333333333334,0.16563010998405103,5.751666666666666,68.67333333333333,2.933333333333333,-0.4999999999999997,-0.8660254037844388,3.0,1.7544036826842861,0.6653294504004988
1998-08-01,1998,8,5.38,3.2925,163.4,161.5,77.2,73.99,2.41,475667000.0,0,5.78,6.13,6.46,5.88,6.31,163.2,162.6,162.0,161.1,160.6,159.6,84.8,91.6,112.7,75.45,62.46,38.71,2.86,2.62,3.32,6.123333333333334,6.155,0.3400490160746354,5.761666666666667,72.51666666666667,2.8633333333333333,-0.8660254037844384,-0.5000000000000004,3.0,1.682688374173693,0.6057008675815863
1998-09-01,1998,9,5.08,3.107,163.5,162.1,83.9,68.95,2.51,475667000.0,0,5.38,5.78,6.13,6.41,5.08,163.4,162.8,162.0,161.5,160.7,159.9,77.2,87.4,102.6,73.99,68.11,41.32,2.41,3.32,3.22,5.763333333333333,6.071666666666666,0.375277674973246,5.684166666666666,72.79666666666667,2.5933333333333333,-1.0,-1.8369701987210297e-16,3.0,1.6253112615903906,0.658268170856154
1998-10-01,1998,10,4.55,2.7761,163.9,162.3,83.4,55.11,2.97,475667000.0,0,5.08,5.38,5.78,6.27,4.93,163.5,163.2,162.2,162.1,161.1,160.2,83.9,84.8,94.1,68.95,75.45,51.06,2.51,2.86,2.56,5.413333333333334,5.8500000000000005,0.3511884584284098,5.684166666666666,66.01666666666667,2.6300000000000003,-0.8660254037844386,0.5000000000000001,3.0,1.5151272329628591,0.6543452377759624
1998-11-01,1998,11,5.02,3.0591,164.1,162.6,82.9,44.89,2.63,475667000.0,0,4.55,5.08,5.38,6.46,5.12,163.9,163.4,162.6,162.3,161.5,160.6,83.4,77.2,91.6,55.11,73.99,62.46,2.97,2.41,2.62,5.003333333333333,5.5633333333333335,0.42027768598073384,5.6525,56.31666666666666,2.703333333333333,-0.5000000000000004,0.8660254037844384,3.0,1.6134299337036377,0.6504223046957708
1998-12-01,1998,12,5.29,3.2178,164.4,163.0,82.4,35.55,2.08,475667000.0,0,5.02,4.55,5.08,6.13,5.36,164.1,163.5,162.8,162.6,162.1,160.7,82.9,83.9,87.4,44.89,68.95,68.11,2.63,2.51,3.32,4.883333333333333,5.323333333333333,0.29022979401384613,5.644166666666667,45.18333333333334,2.56,-2.4492935982947064e-16,1.0,3.0,1.665818245870208,0.6464993716155791
1999-01-01,1999,1,5.5,3.3394,164.7,163.5,81.9,33.78,3.13,478093000.0,0,5.29,5.02,4.55,5.78,5.41,164.4,163.9,163.2,163.0,162.3,161.1,82.4,83.4,84.8,35.55,55.11,75.45,2.08,2.97,2.86,4.953333333333333,5.183333333333334,0.3744774136491011,5.638333333333333,38.07333333333333,2.6133333333333333,0.49999999999999994,0.8660254037844387,4.0,1.7047480922384253,0.6458537111649515
1999-02-01,1999,2,5.75,3.4912,164.7,163.8,81.6,39.49,1.92,478093000.0,0,5.5,5.29,5.02,5.38,5.88,164.7,164.1,163.4,163.5,162.6,161.5,81.9,82.9,77.2,33.78,44.89,73.99,3.13,2.63,2.41,5.27,5.136666666666667,0.24062418831029456,5.645833333333333,36.27333333333333,2.3766666666666665,0.8660254037844386,0.5000000000000001,4.0,1.749199854809259,0.6434879466551897
1999-03-01,1999,3,6.12,3.7136,164.8,164.2,81.3,42.78,2.19,478093000.0,0,5.75,5.5,5.29,5.08,6.41,164.7,164.4,163.5,163.8,163.0,162.1,81.6,82.4,83.9,39.49,35.55,68.95,1.92,2.08,2.51,5.513333333333333,5.198333333333333,0.23028967265885447,5.635000000000001,38.68333333333334,2.4133333333333336,1.0,6.123233995736766e-17,4.0,1.8115620965242347,0.641122182145428
1999-04-01,1999,4,6.5,3.918,165.9,164.5,80.08,51.55,2.87,478093000.0,0,6.12,5.75,5.5,4.55,6.27,164.8,164.7,163.9,164.2,163.5,162.3,81.3,81.9,83.4,42.78,33.78,55.11,2.19,3.13,2.97,5.79,5.371666666666667,0.31192947920962844,5.610833333333333,44.60666666666666,2.3266666666666667,0.8660254037844387,-0.4999999999999998,4.0,1.8718021769015913,0.631501406472397
1999-05-01,1999,5,6.06,3.6506,166.0,164.6,78.86,60.04,2.91,478093000.0,0,6.5,6.12,5.75,5.02,6.46,165.9,164.7,164.1,164.5,163.8,162.6,80.08,81.6,82.9,51.55,39.49,44.89,2.87,1.92,2.63,6.123333333333334,5.696666666666666,0.37501111094649486,5.63,51.45666666666667,2.6566666666666667,0.49999999999999994,-0.8660254037844387,4.0,1.801709800081223,0.6218806307993661
1999-06-01,1999,6,6.54,3.9398,166.0,164.6,77.64,68.29,3.31,478093000.0,0,6.06,6.5,6.12,5.29,6.13,166.0,164.8,164.4,164.6,164.2,163.0,78.86,81.3,82.4,60.04,42.78,35.55,2.91,2.19,2.08,6.226666666666667,5.87,0.238607068908959,5.596666666666667,59.96,3.03,1.2246467991473532e-16,-1.0,4.0,1.8779371654691073,0.612259855126335
1999-07-01,1999,7,7.35,4.4091,166.7,165.1,76.42,74.28,2.58,478093000.0,0,6.54,6.06,6.5,5.5,5.78,166.0,165.9,164.7,164.6,164.5,163.5,77.64,80.08,81.9,68.29,51.55,33.78,3.31,2.87,3.13,6.366666666666666,6.078333333333333,0.26633312473916043,5.6308333333333325,67.53666666666668,2.9333333333333336,-0.4999999999999997,-0.8660254037844388,4.0,1.9947003132247452,0.602639079453304
1999-08-01,1999,8,5.91,3.5368,167.1,165.6,75.2,72.88,2.29,478093000.0,0,7.35,6.54,6.06,5.75,5.38,166.7,166.0,164.7,165.1,164.6,163.8,76.42,78.86,81.6,74.28,60.04,39.49,2.58,2.91,1.92,6.6499999999999995,6.386666666666667,0.651996932508116,5.761666666666667,71.81666666666666,2.7266666666666666,-0.8660254037844384,-0.5000000000000004,4.0,1.776645831418007,0.593018303780273
1999-09-01,1999,9,5.33,3.1764,167.8,165.8,70.9,64.33,2.52,478093000.0,0,5.91,7.35,6.54,6.12,5.08,167.1,166.0,164.8,165.6,164.6,164.2,75.2,77.64,81.3,72.88,68.29,42.78,2.29,3.31,2.19,6.6000000000000005,6.413333333333334,0.7218725649309524,5.805833333333333,70.49666666666667,2.4633333333333334,-1.0,-1.8369701987210297e-16,4.0,1.673351238177753,0.5591090124736883
1999-10-01,1999,10,4.98,2.9625,168.1,166.2,74.5,54.75,1.57,478093000.0,0,5.33,5.91,7.35,6.5,4.55,167.8,166.7,165.9,165.8,165.1,164.5,70.9,76.42,80.08,64.33,74.28,51.55,2.52,2.58,2.87,6.196666666666666,6.281666666666666,1.0400641005886724,5.826666666666667,63.98666666666666,2.1266666666666665,-0.8660254037844386,0.5000000000000001,4.0,1.6054298910365616,0.5874981865908289
1999-11-01,1999,11,5.58,3.3135,168.4,166.5,74.5,48.11,1.44,478093000.0,0,4.98,5.33,5.91,6.06,5.02,168.1,167.1,166.0,166.2,165.6,164.6,74.5,75.2,78.86,54.75,72.88,60.04,1.57,2.29,2.91,5.406666666666666,6.028333333333333,0.46971622638921195,5.8625,55.73,1.8433333333333335,-0.5000000000000004,0.8660254037844384,4.0,1.7191887763932197,0.5874981865908289
1999-12-01,1999,12,5.68,3.3649,168.8,166.8,74.5,36.1,1.73,478093000.0,0,5.58,4.98,5.33,6.54,5.29,168.4,167.8,166.0,166.5,165.8,164.6,74.5,70.9,77.64,48.11,64.33,68.29,1.44,2.52,3.31,5.296666666666667,5.948333333333333,0.30138568866706483,5.909166666666667,46.32,1.58,-2.4492935982947064e-16,1.0,4.0,1.7369512327330598,0.5874981865908289
2000-01-01,2000,1,5.56,3.2841,169.3,167.2,73.7,33.57,2.14,513544000.0,0,5.68,5.58,4.98,7.35,5.5,168.8,168.1,166.7,166.8,166.2,165.1,74.5,74.5,76.42,36.1,54.75,74.28,1.73,1.57,2.58,5.413333333333334,5.805,0.3785938897200026,5.941666666666667,39.26,1.7699999999999998,0.49999999999999994,0.8660254037844387,5.0,1.715598108262491,0.6242851724445477
2000-02-01,2000,2,5.78,3.4,170.0,167.6,72.8,39.78,2.12,513544000.0,0,5.56,5.68,5.58,5.91,5.75,169.3,168.4,167.1,167.2,166.5,165.6,73.7,74.5,75.2,33.57,48.11,72.88,2.14,1.44,2.29,5.6066666666666665,5.506666666666667,0.064291005073205,5.946666666666666,36.483333333333334,1.9966666666666668,0.8660254037844386,0.5000000000000001,5.0,1.7544036826842861,0.6166616086019412
2000-03-01,2000,3,6.14,3.5906,171.0,167.9,79.7,46.02,2.44,513544000.0,0,5.78,5.56,5.68,5.33,6.12,170.0,168.8,167.8,167.6,166.8,165.8,72.8,74.5,70.9,39.78,36.1,64.33,2.12,1.73,2.52,5.673333333333333,5.485,0.11015141094567614,5.949166666666667,39.79,2.233333333333333,1.0,6.123233995736766e-17,5.0,1.814824742159051,0.6751089313952571
2000-04-01,2000,4,6.49,3.7975,170.9,168.1,86.8,52.57,2.32,513544000.0,0,6.14,5.78,5.56,4.98,6.5,171.0,169.3,168.1,167.9,167.2,166.2,79.7,73.7,74.5,46.02,33.57,54.75,2.44,2.14,1.57,5.826666666666665,5.62,0.29280255007995354,5.950833333333333,46.123333333333335,2.2933333333333334,0.8660254037844387,-0.4999999999999998,5.0,1.8702625307159986,0.7352503794869298
2000-05-01,2000,5,6.28,3.6682,171.2,168.3,87.33611111111111,63.12,2.66,513544000.0,0,6.49,6.14,5.78,5.58,6.06,170.9,170.0,168.4,168.1,167.6,166.5,86.8,72.8,74.5,52.57,39.78,48.11,2.32,2.12,1.44,6.136666666666667,5.871666666666666,0.355011736895169,5.95,53.903333333333336,2.473333333333333,0.49999999999999994,-0.8660254037844387,5.0,1.8373699804801074,0.7397915764672479
2000-06-01,2000,6,5.97,3.4669,172.2,168.6,87.87222222222222,69.01,3.45,513544000.0,0,6.28,6.49,6.14,5.68,6.54,171.2,171.0,168.8,168.3,167.9,166.8,87.33611111111111,79.7,74.5,63.12,46.02,36.1,2.66,2.44,1.73,6.303333333333334,5.988333333333333,0.17616280348962796,5.968333333333334,61.56666666666666,2.81,1.2246467991473532e-16,-1.0,5.0,1.7867469274045107,0.7443327734475659
2000-07-01,2000,7,6.58,3.8101,172.7,169.1,88.40833333333333,73.85,2.3,513544000.0,0,5.97,6.28,6.49,5.56,7.35,172.2,170.9,169.3,168.6,168.1,167.2,87.87222222222222,86.8,73.7,69.01,52.57,33.57,3.45,2.32,2.14,6.246666666666667,6.036666666666666,0.2615976554430969,5.920833333333334,68.66,2.8033333333333332,-0.4999999999999997,-0.8660254037844388,5.0,1.884034745337226,0.7488739704278841
2000-08-01,2000,8,5.32,3.0805,172.7,169.5,88.94444444444444,74.01,1.91,513544000.0,0,6.58,5.97,6.28,5.78,5.91,172.7,171.2,170.0,169.1,168.3,167.6,88.40833333333333,87.33611111111111,72.8,73.85,63.12,39.78,2.3,2.66,2.12,6.276666666666666,6.206666666666666,0.3050136608962379,5.8566666666666665,72.29,2.5533333333333332,-0.8660254037844384,-0.5000000000000004,5.0,1.6714733033535532,0.753415167408202
2000-09-01,2000,9,4.79,2.7592,173.6,170.0,89.48055555555555,65.55,2.18,513544000.0,0,5.32,6.58,5.97,6.14,5.33,172.7,172.2,171.0,169.5,168.6,167.9,88.94444444444444,87.87222222222222,79.7,74.01,69.01,46.02,1.91,3.45,2.44,5.956666666666666,6.13,0.6301058112200875,5.8075,71.13666666666667,2.13,-1.0,-1.8369701987210297e-16,5.0,1.5665304114228238,0.7579563643885201
2000-10-01,2000,10,4.39,2.5244,173.9,170.3,90.01666666666667,55.08,2.26,513544000.0,0,4.79,5.32,6.58,6.49,4.98,173.6,172.7,170.9,170.0,169.1,168.1,89.48055555555555,88.40833333333333,86.8,65.55,73.85,52.57,2.18,2.3,2.32,5.5633333333333335,5.905,0.9194744875924094,5.7625,64.88,2.1166666666666667,-0.8660254037844386,0.5000000000000001,5.0,1.47932922708708,0.7624975613688381
2000-11-01,2000,11,4.5,2.5832,174.2,170.4,90.55277777777778,38.01,2.73,513544000.0,0,4.39,4.79,5.32,6.28,5.58,173.9,172.7,171.2,170.3,169.5,168.3,90.01666666666667,88.94444444444444,87.33611111111111,55.08,74.01,63.12,2.26,1.91,2.66,4.833333333333333,5.555,0.46651187909132813,5.713333333333334,52.879999999999995,2.39,-0.5000000000000004,0.8660254037844384,5.0,1.5040773967762742,0.7670387583491561
2000-12-01,2000,12,4.93,2.8236,174.6,170.8,91.08888888888887,28.44,1.71,513544000.0,0,4.5,4.39,4.79,5.97,5.68,174.2,173.6,172.2,170.4,170.0,168.6,90.55277777777778,89.48055555555555,87.87222222222222,38.01,65.55,69.01,2.73,2.18,3.45,4.56,5.258333333333334,0.2066397831976879,5.623333333333334,40.51,2.233333333333333,-2.4492935982947064e-16,1.0,5.0,1.5953389880545987,0.771579955329474
2001-01-01,2001,1,4.72,2.6879,175.6,171.4,91.625,31.37,1.85,437673000.0,0,4.93,4.5,4.39,6.58,5.56,174.6,173.9,172.7,170.8,170.3,169.1,91.08888888888887,90.01666666666667,88.40833333333333,28.44,55.08,73.85,1.71,2.26,2.3,4.6066666666666665,5.085,0.2853652630109712,5.560833333333334,32.60666666666666,2.0966666666666667,0.49999999999999994,0.8660254037844387,6.0,1.5518087995974639,0.6614569990008327
2001-02-01,2001,2,5.28,3.0,176.0,171.8,92.16111111111113,33.96,2.21,437673000.0,0,4.72,4.93,4.5,5.32,5.78,175.6,174.2,172.7,171.4,170.4,169.5,91.625,90.55277777777778,88.94444444444444,31.37,38.01,74.01,1.85,2.73,1.91,4.716666666666666,4.7749999999999995,0.21501937897157333,5.490833333333334,31.25666666666667,1.9233333333333331,0.8660254037844386,0.5000000000000001,6.0,1.6639260977181702,0.6653272794558021
2001-03-01,2001,3,5.12,2.9074,176.1,172.3,92.69722222222222,41.47,2.57,437673000.0,0,5.28,4.72,4.93,4.79,6.14,176.0,174.6,173.6,171.8,170.8,170.0,92.16111111111113,91.08888888888887,89.48055555555555,33.96,28.44,65.55,2.21,1.71,2.18,4.976666666666667,4.7683333333333335,0.28290163190289747,5.449166666666667,35.6,2.21,1.0,6.123233995736766e-17,6.0,1.6331544390514163,0.6691975599107711
2001-04-01,2001,4,5.47,3.1009,176.4,172.7,93.23333333333332,53.08,2.1,437673000.0,0,5.12,5.28,4.72,4.39,6.49,176.1,175.6,173.9,172.3,171.4,170.3,92.69722222222222,91.625,90.01666666666667,41.47,31.37,55.08,2.57,1.85,2.26,5.04,4.823333333333333,0.28844410203710097,5.364166666666666,42.836666666666666,2.293333333333333,0.8660254037844387,-0.4999999999999998,6.0,1.6992786164338898,0.6730678403657403
2001-05-01,2001,5,5.22,2.9442,177.3,173.1,93.76944444444445,62.8,2.78,437673000.0,0,5.47,5.12,5.28,4.5,6.28,176.4,176.0,174.2,172.7,171.8,170.4,93.23333333333332,92.16111111111113,90.55277777777778,53.08,33.96,38.01,2.1,2.21,2.73,5.29,5.003333333333333,0.17521415467932555,5.279166666666667,52.449999999999996,2.4833333333333334,0.49999999999999994,-0.8660254037844387,6.0,1.6524974018945473,0.6769381208207097
2001-06-01,2001,6,5.71,3.2133,177.7,173.6,94.30555555555556,69.21,3.12,437673000.0,0,5.22,5.47,5.12,4.93,5.97,177.3,176.1,174.6,173.1,172.3,170.8,93.76944444444445,92.69722222222222,91.08888888888887,62.8,41.47,28.44,2.78,2.57,1.71,5.27,5.123333333333333,0.18027756377317317,5.190833333333333,61.69666666666666,2.6666666666666665,1.2246467991473532e-16,-1.0,6.0,1.742219023667919,0.680808401275679
2001-07-01,2001,7,6.36,3.5851,177.4,174.1,94.84166666666668,74.44,2.72,437673000.0,0,5.71,5.22,5.47,4.72,6.58,177.7,176.4,175.6,173.6,172.7,171.4,94.30555555555556,93.23333333333332,91.625,69.21,53.08,31.37,3.12,2.1,1.85,5.466666666666666,5.253333333333333,0.24501700621247696,5.1691666666666665,68.81666666666666,2.8733333333333335,-0.4999999999999997,-0.8660254037844388,6.0,1.8500283773520307,0.6846786817306483
2001-08-01,2001,8,7.2,4.0586,177.4,174.7,95.37777777777777,74.28,2.41,437673000.0,0,6.36,5.71,5.22,5.28,5.32,177.4,177.3,176.0,174.1,173.1,171.8,94.84166666666668,93.76944444444445,92.16111111111113,74.44,62.8,33.96,2.72,2.78,2.21,5.763333333333333,5.526666666666667,0.5718682832028075,5.150833333333334,72.64333333333333,2.75,-0.8660254037844384,-0.5000000000000004,6.0,1.9740810260220096,0.6885489621856173
2001-09-01,2001,9,6.23,3.498,178.1,175.1,95.91388888888888,65.68,2.45,437673000.0,0,7.2,6.36,5.71,5.12,4.79,177.4,177.7,176.1,174.7,173.6,172.3,95.37777777777777,94.30555555555556,92.69722222222222,74.28,69.21,41.47,2.41,3.12,2.57,6.423333333333335,5.846666666666667,0.7470162871941474,5.3075,71.46666666666667,2.526666666666667,-1.0,-1.8369701987210297e-16,6.0,1.8293763327993617,0.6924192426405865
2001-10-01,2001,10,5.28,2.973,177.6,175.6,96.45,54.36,2.06,437673000.0,0,6.23,7.2,6.36,5.47,4.39,178.1,177.4,176.4,175.1,174.1,172.7,95.91388888888888,94.84166666666668,93.23333333333332,65.68,74.44,53.08,2.45,2.72,2.1,6.596666666666667,6.031666666666666,0.526529518007613,5.427499999999999,64.77333333333333,2.3066666666666666,-0.8660254037844386,0.5000000000000001,6.0,1.6639260977181702,0.696289523095556
2001-11-01,2001,11,6.16,3.4704,177.5,175.8,96.9861111111111,47.39,2.39,437673000.0,0,5.28,6.23,7.2,5.22,4.5,177.6,177.4,177.3,175.6,174.7,173.1,96.45,95.37777777777777,93.76944444444445,54.36,74.28,62.8,2.06,2.41,2.78,6.236666666666667,6.0,0.9600173609541272,5.501666666666666,55.81,2.3000000000000003,-0.5000000000000004,0.8660254037844384,6.0,1.8180767775454285,0.7001598035505251
2001-12-01,2001,12,6.73,3.7937,177.4,176.0,97.5222222222222,36.12,2.36,437673000.0,0,6.16,5.28,6.23,5.71,4.93,177.5,178.1,177.7,175.8,175.1,173.6,96.9861111111111,95.91388888888888,94.30555555555556,47.39,65.68,69.21,2.39,2.45,3.12,5.890000000000001,6.156666666666667,0.5294336596779537,5.64,45.95666666666667,2.27,-2.4492935982947064e-16,1.0,6.0,1.9065751436566365,0.7040300840054943
2002-01-01,2002,1,7.34,4.1306,177.7,176.4,98.05833333333332,34.48,2.01,458171000.0,0,6.73,6.16,5.28,6.36,4.72,177.4,177.6,177.4,176.0,175.6,174.1,97.5222222222222,96.45,94.84166666666668,36.12,54.36,74.44,2.36,2.06,2.72,6.0566666666666675,6.326666666666667,0.7305021104235947,5.79,39.33,2.2533333333333334,0.49999999999999994,0.8660254037844387,7.0,1.9933388426264242,0.7410542068741162
2002-02-01,2002,2,7.33,4.118,178.0,177.0,98.59444444444443,36.39,1.32,458171000.0,0,7.34,6.73,6.16,7.2,5.28,177.7,177.5,177.4,176.4,175.8,174.7,98.05833333333332,96.9861111111111,95.37777777777777,34.48,47.39,74.28,2.01,2.39,2.41,6.743333333333333,6.490000000000001,0.5901129835322471,6.008333333333334,35.663333333333334,1.8966666666666665,0.8660254037844386,0.5000000000000001,7.0,1.9919755158985601,0.7451057482448056
2002-03-01,2002,3,8.24,4.6162,178.5,177.1,99.13055555555556,39.54,2.59,458171000.0,0,7.33,7.34,6.73,6.23,5.12,178.0,177.4,178.1,177.0,176.0,175.1,98.59444444444443,97.5222222222222,95.91388888888888,36.39,36.12,65.68,1.32,2.36,2.45,7.133333333333333,6.511666666666667,0.34933269720043775,6.179166666666667,36.803333333333335,1.9733333333333334,1.0,6.123233995736766e-17,7.0,2.1090003439213802,0.749157289615495
2002-04-01,2002,4,8.01,4.4674,179.3,177.2,99.66666666666666,53.49,2.26,458171000.0,0,8.24,7.33,7.34,5.28,5.47,178.5,177.7,177.6,177.1,176.4,175.6,99.13055555555556,98.05833333333332,96.45,39.54,34.48,54.36,2.59,2.01,2.06,7.636666666666667,6.846666666666667,0.5225259164226562,6.439166666666666,43.14000000000001,2.0566666666666666,0.8660254037844387,-0.4999999999999998,7.0,2.080690761080268,0.7532088309861843
2002-05-01,2002,5,8.59,4.7855,179.5,177.6,100.20277777777775,59.27,2.64,458171000.0,0,8.01,8.24,7.33,6.16,5.22,179.3,178.0,177.5,177.2,177.0,175.8,99.66666666666666,98.59444444444443,96.9861111111111,53.49,36.39,47.39,2.26,1.32,2.39,7.859999999999999,7.301666666666667,0.4731807265728444,6.650833333333334,50.76666666666667,2.4966666666666666,0.49999999999999994,-0.8660254037844387,7.0,2.150598735996164,0.7572603723568735
2002-06-01,2002,6,9.38,5.2227,179.6,178.2,100.73888888888888,70.84,2.56,458171000.0,0,8.59,8.01,8.24,6.73,5.71,179.5,178.5,177.4,177.6,177.1,176.0,100.20277777777775,99.13055555555556,97.5222222222222,59.27,39.54,36.12,2.64,2.59,2.36,8.280000000000001,7.706666666666666,0.29206163733021817,6.9316666666666675,61.20000000000001,2.486666666666667,1.2246467991473532e-16,-1.0,7.0,2.238579763018133,0.761311913727563
2002-07-01,2002,7,10.59,5.8833,180.0,178.5,101.275,75.83,2.6,458171000.0,0,9.38,8.59,8.01,7.34,6.36,179.6,179.3,177.7,178.2,177.2,176.4,100.73888888888888,99.66666666666666,98.05833333333332,70.84,53.49,34.48,2.56,2.26,2.01,8.66,8.148333333333333,0.6876772498781755,7.2375,68.64666666666666,2.6,-0.4999999999999997,-0.8660254037844388,7.0,2.359910159613315,0.7653634550982523
2002-08-01,2002,8,7.39,4.0942,180.5,178.8,101.8111111111111,72.82,2.4,458171000.0,0,10.59,9.38,8.59,7.33,7.2,180.0,179.5,178.0,178.5,177.6,177.0,101.275,100.20277777777775,98.59444444444443,75.83,59.27,36.39,2.6,2.64,1.32,9.52,8.69,1.0073231854772404,7.59,73.16333333333334,2.52,-0.8660254037844384,-0.5000000000000004,7.0,2.0001277349601105,0.7694149964689416
2002-09-01,2002,9,6.29,3.479,180.8,179.2,102.3472222222222,66.83,2.72,458171000.0,0,7.39,10.59,9.38,8.24,6.23,180.5,179.6,178.5,178.8,178.2,177.1,101.8111111111111,100.73888888888888,99.13055555555556,72.82,70.84,39.54,2.4,2.56,2.59,9.12,8.7,1.6157660721775327,7.605833333333334,71.82666666666667,2.5733333333333337,-1.0,-1.8369701987210297e-16,7.0,1.8389610707123492,0.7734665378396308
2002-10-01,2002,10,5.53,3.0519,181.2,179.6,102.88333333333333,51.82,3.01,458171000.0,0,6.29,7.39,10.59,8.01,5.28,180.8,180.0,179.3,179.2,178.5,177.2,102.3472222222222,101.275,99.66666666666666,66.83,75.83,53.49,2.72,2.6,2.26,8.09,8.375,2.233830790368868,7.610833333333333,63.82333333333332,2.7100000000000004,-0.8660254037844386,0.5000000000000001,7.0,1.7101878155342434,0.7775180792103203
2002-11-01,2002,11,6.24,3.438,181.5,179.8,103.41944444444444,41.95,1.94,458171000.0,0,5.53,6.29,7.39,8.59,6.16,181.2,180.5,179.5,179.6,178.8,177.6,102.88333333333333,101.8111111111111,100.20277777777775,51.82,72.82,59.27,3.01,2.4,2.64,6.403333333333333,7.961666666666666,0.9351648695996423,7.631666666666667,53.53333333333333,2.5566666666666666,-0.5000000000000004,0.8660254037844384,7.0,1.8309801823813363,0.7815696205810096
2002-12-01,2002,12,6.62,3.6414,181.8,180.1,103.95555555555556,35.08,3.0,458171000.0,0,6.24,5.53,6.29,9.38,6.73,181.5,180.8,179.6,179.8,179.2,178.2,103.41944444444444,102.3472222222222,100.73888888888888,41.95,66.83,70.84,1.94,2.72,2.56,6.02,7.57,0.425088226136621,7.6383333333333345,42.949999999999996,2.65,-2.4492935982947064e-16,1.0,7.0,1.890095369948917,0.7856211619516992
2003-01-01,2003,1,6.44,3.5268,182.6,179.9,104.49166666666666,32.81,1.33,458199000.0,0,6.62,6.24,5.53,10.59,7.34,181.8,181.2,180.0,180.1,179.6,178.5,103.95555555555556,102.88333333333333,101.275,35.08,51.82,75.83,3.0,3.01,2.6,6.13,7.109999999999999,0.553263047744904,7.629166666666666,36.61333333333334,2.09,0.49999999999999994,0.8660254037844387,8.0,1.8625285401162623,0.7897209622381491
2003-02-01,2003,2,6.47,3.524,183.6,180.7,105.02777777777776,32.79,2.57,458199000.0,0,6.44,6.62,6.24,7.39,7.33,182.6,181.5,180.5,179.9,179.8,178.8,104.49166666666666,103.41944444444444,101.8111111111111,32.81,41.95,72.82,1.33,1.94,2.4,6.433333333333334,6.418333333333333,0.1900876990583975,7.554166666666666,33.559999999999995,2.3000000000000003,0.8660254037844386,0.5000000000000001,8.0,1.8671761085128091,0.7937727512088795
2003-03-01,2003,3,6.79,3.6922,183.9,181.0,105.56388888888888,43.29,2.48,458199000.0,0,6.47,6.44,6.62,6.29,8.24,183.6,181.8,180.8,180.7,180.1,179.2,105.02777777777776,103.95555555555556,102.3472222222222,32.79,35.08,66.83,2.57,3.0,2.72,6.510000000000001,6.265000000000001,0.09643650760984253,7.482499999999999,36.29666666666666,2.1266666666666665,1.0,6.123233995736766e-17,8.0,1.9154509415706047,0.7978245401796098
2003-04-01,2003,4,6.98,3.81,183.2,181.1,106.1,51.89,2.63,458199000.0,0,6.79,6.47,6.44,5.53,8.01,183.9,182.6,181.2,181.0,179.9,179.6,105.56388888888888,104.49166666666666,102.88333333333333,43.29,32.81,51.82,2.48,1.33,3.01,6.566666666666666,6.348333333333334,0.1939931270259775,7.361666666666667,42.656666666666666,2.56,0.8660254037844387,-0.4999999999999998,8.0,1.9430489167742813,0.8018763291503402
2003-05-01,2003,5,6.93,3.789,182.9,181.5,103.6,60.96,3.26,458199000.0,0,6.98,6.79,6.47,6.24,8.59,183.2,183.6,181.5,181.1,180.7,179.8,106.1,105.02777777777776,103.41944444444444,51.89,32.79,41.95,2.63,2.57,1.94,6.746666666666666,6.59,0.2577466456296161,7.275833333333334,52.04666666666666,2.7899999999999996,0.49999999999999994,-0.8660254037844387,8.0,1.9358598132018119,0.7829819764370899
2003-06-01,2003,6,6.69,3.6537,183.1,181.9,103.4,68.02,3.45,458199000.0,0,6.93,6.98,6.79,6.62,9.38,182.9,183.9,181.8,181.5,181.0,180.1,103.6,105.56388888888888,103.95555555555556,60.96,43.29,35.08,3.26,2.48,3.0,6.8999999999999995,6.704999999999999,0.09848857801789453,7.137499999999999,60.29,3.1133333333333333,1.2246467991473532e-16,-1.0,8.0,1.900613874140137,0.78147042822003
2003-07-01,2003,7,6.82,3.7126,183.7,182.3,91.7,75.43,2.64,458199000.0,0,6.69,6.93,6.98,6.44,10.59,183.1,183.2,182.6,181.9,181.1,179.9,103.4,106.1,104.49166666666666,68.02,51.89,32.81,3.45,2.63,1.33,6.866666666666667,6.716666666666666,0.15502687938973625,6.913333333333334,68.13666666666667,3.1166666666666667,-0.4999999999999997,-0.8660254037844388,8.0,1.9198594718553708,0.6930448575220188
2003-08-01,2003,8,5.78,3.1328,184.5,182.6,89.8,74.62,2.56,458199000.0,0,6.82,6.69,6.93,6.47,7.39,183.7,182.9,183.6,182.3,181.5,180.7,91.7,103.6,105.02777777777776,75.43,60.96,32.79,2.64,3.26,2.57,6.8133333333333335,6.780000000000001,0.12013880860620879,6.599166666666666,72.69,2.8833333333333333,-0.8660254037844384,-0.5000000000000004,8.0,1.7544036826842861,0.6786851494599486
2003-09-01,2003,9,5.16,2.7877,185.1,182.8,92.8,64.94,2.82,458199000.0,0,5.78,6.82,6.69,6.79,6.29,184.5,183.1,183.9,182.6,181.9,181.0,89.8,103.4,105.56388888888888,74.62,68.02,43.29,2.56,3.45,2.48,6.430000000000001,6.665,0.5666568626602719,6.465,71.66333333333334,2.6733333333333333,-1.0,-1.8369701987210297e-16,8.0,1.6409365794934714,0.7013583727158489
2003-10-01,2003,10,4.85,2.623,184.9,183.3,86.5,56.53,1.83,458199000.0,0,5.16,5.78,6.82,6.98,5.53,185.1,183.7,183.2,182.8,182.3,181.1,92.8,91.7,106.1,64.94,75.43,51.89,2.82,2.64,2.63,5.920000000000001,6.3933333333333335,0.8388086790204173,6.370833333333334,65.36333333333333,2.403333333333333,-0.8660254037844386,0.5000000000000001,8.0,1.5789787049493917,0.6537446038784583
2003-11-01,2003,11,5.21,2.8162,185.0,183.8,90.0,42.35,2.55,458199000.0,0,4.85,5.16,5.78,6.93,6.24,184.9,184.5,182.9,183.3,182.6,181.5,86.5,89.8,103.6,56.53,74.62,60.96,1.83,2.56,3.26,5.263333333333333,6.038333333333334,0.4735328218120734,6.314166666666668,54.60666666666666,2.4,-0.5000000000000004,0.8660254037844384,8.0,1.6505798557652755,0.6801966976770087
2003-12-01,2003,12,5.56,2.9973,185.5,184.3,90.5,35.29,2.37,458199000.0,0,5.21,4.85,5.16,6.69,6.62,185.0,185.1,183.1,183.8,182.8,181.9,90.0,92.8,103.4,42.35,64.94,68.02,2.55,2.82,3.45,5.073333333333333,5.751666666666668,0.19502136635072284,6.228333333333333,44.723333333333336,2.25,-2.4492935982947064e-16,1.0,8.0,1.715598108262491,0.6839755682196588
2004-01-01,2004,1,5.7,3.0596,186.3,184.9,98.1,30.36,1.97,455806000.0,0,5.56,5.21,4.85,6.82,6.44,185.5,184.9,183.7,184.3,183.3,182.3,90.5,86.5,91.7,35.29,56.53,75.43,2.37,1.83,2.64,5.206666666666666,5.5633333333333335,0.3550117368951397,6.140000000000001,36.0,2.2966666666666664,0.49999999999999994,0.8660254037844387,9.0,1.7404661748405046,0.7375422735966024
2004-02-01,2004,2,5.93,3.1762,186.7,185.5,94.9,33.57,2.44,455806000.0,0,5.7,5.56,5.21,5.78,6.47,186.3,185.0,184.5,184.9,183.8,182.6,98.1,90.0,89.8,30.36,42.35,74.62,1.97,2.55,2.56,5.489999999999999,5.376666666666666,0.2523885892824261,6.078333333333334,33.07333333333333,2.26,0.8660254037844386,0.5000000000000001,9.0,1.780024213009634,0.7134838100338182
2004-03-01,2004,3,6.11,3.2656,187.1,185.8,98.7,47.39,2.01,455806000.0,0,5.93,5.7,5.56,5.16,6.79,186.7,185.5,185.1,185.5,184.3,182.8,94.9,90.5,92.8,33.57,35.29,64.94,2.44,2.37,2.82,5.7299999999999995,5.401666666666666,0.18681541692262807,6.033333333333332,37.10666666666666,2.14,1.0,6.123233995736766e-17,9.0,1.809926773183504,0.7420532355146244
2004-04-01,2004,4,6.62,3.5326,187.4,186.2,100.7,52.66,2.5,455806000.0,0,6.11,5.93,5.7,4.85,6.98,187.1,186.3,184.9,185.8,184.9,183.3,98.7,98.1,86.5,47.39,30.36,56.53,2.01,1.97,1.83,5.913333333333334,5.56,0.2055075018905885,5.976666666666667,44.54,2.3166666666666664,0.8660254037844387,-0.4999999999999998,9.0,1.890095369948917,0.7570897752413646
2004-05-01,2004,5,6.37,3.3847,188.2,186.7,98.4,61.9,3.34,455806000.0,0,6.62,6.11,5.93,5.21,6.93,187.4,186.7,185.0,186.2,185.5,183.8,100.7,94.9,90.0,52.66,33.57,42.35,2.5,2.44,2.55,6.22,5.855,0.35791060336343705,5.946666666666666,53.98333333333333,2.6166666666666667,0.49999999999999994,-0.8660254037844387,9.0,1.851599469584072,0.7397977545556135
2004-06-01,2004,6,6.44,3.4092,188.9,187.0,95.2,68.05,3.51,455806000.0,0,6.37,6.62,6.11,5.56,6.69,188.2,187.1,185.5,186.7,185.8,184.3,98.4,98.7,90.5,61.9,47.39,35.29,3.34,2.01,2.37,6.366666666666667,6.048333333333333,0.2550163393457644,5.900000000000001,60.87,3.1166666666666667,1.2246467991473532e-16,-1.0,9.0,1.8625285401162623,0.7157392909928293
2004-07-01,2004,7,6.14,3.247,189.1,187.8,91.7,72.88,3.05,455806000.0,0,6.44,6.37,6.62,5.7,6.82,188.9,187.4,186.3,187.0,186.2,184.9,95.2,100.7,98.1,68.05,52.66,30.36,3.51,2.5,1.97,6.476666666666667,6.195,0.12897028081428347,5.879166666666667,67.61,3.2999999999999994,-0.4999999999999997,-0.8660254037844388,9.0,1.814824742159051,0.689425346471034
2004-08-01,2004,8,5.57,2.944,189.2,188.4,87.6,70.14,3.04,455806000.0,0,6.14,6.44,6.37,5.93,5.78,189.1,188.2,186.7,187.8,186.7,185.5,91.7,98.4,94.9,72.88,61.9,33.57,3.05,3.34,2.44,6.316666666666666,6.2683333333333335,0.1569500982265186,5.822500000000001,70.35666666666667,3.1999999999999997,-0.8660254037844384,-0.5000000000000004,9.0,1.7173950539391927,0.6586004400312168
2004-09-01,2004,9,5.16,2.7187,189.8,188.9,95.3,65.64,2.98,455806000.0,0,5.57,6.14,6.44,6.11,5.16,189.2,188.9,187.1,188.4,187.0,185.8,87.6,95.2,98.7,70.14,68.05,47.39,3.04,3.51,2.01,6.05,6.208333333333333,0.4419275958796622,5.805,69.55333333333333,3.0233333333333334,-1.0,-1.8369701987210297e-16,9.0,1.6409365794934714,0.7164911179791662
2004-10-01,2004,10,4.61,2.4161,190.8,189.4,89.2,55.35,3.03,455806000.0,0,5.16,5.57,6.14,6.62,4.85,189.8,189.1,187.4,188.9,187.8,186.2,95.3,91.7,100.7,65.64,72.88,52.66,2.98,3.05,2.5,5.623333333333334,6.05,0.4921720566359971,5.805,63.71,3.016666666666667,-0.8660254037844386,0.5000000000000001,9.0,1.5282278570085572,0.6706296718126089
2004-11-01,2004,11,4.89,2.5509,191.7,189.6,89.3,43.99,3.18,455806000.0,0,4.61,5.16,5.57,6.37,5.21,190.8,189.2,188.2,189.4,188.4,186.7,89.2,87.6,98.4,55.35,70.14,61.9,3.03,3.04,3.34,5.113333333333333,5.715000000000001,0.4816983841921237,5.784999999999999,54.99333333333334,3.063333333333333,-0.5000000000000004,0.8660254037844384,9.0,1.5871923034867805,0.6713814987989459
2004-12-01,2004,12,5.28,2.7543,191.7,189.9,93.0,35.06,2.18,455806000.0,0,4.89,4.61,5.16,6.44,5.56,191.7,189.8,188.9,189.6,188.9,187.0,89.3,95.3,95.2,43.99,65.64,68.05,3.18,2.98,3.51,4.886666666666667,5.468333333333334,0.2750151510977184,5.758333333333333,44.800000000000004,2.796666666666667,-2.4492935982947064e-16,1.0,9.0,1.6639260977181702,0.6991990972934151
2005-01-01,2005,1,5.64,2.9436,191.6,190.8,98.6,33.39,2.7,423788000.0,0,5.28,4.89,4.61,6.14,5.7,191.7,190.8,189.1,189.9,189.4,187.8,93.0,89.2,91.7,35.06,55.35,72.88,2.18,3.03,3.05,4.926666666666667,5.2749999999999995,0.33650160970387827,5.734999999999999,37.480000000000004,2.686666666666667,0.49999999999999994,0.8660254037844387,10.0,1.7298840655099674,0.6892288414750701
2005-02-01,2005,2,5.83,3.0301,192.4,191.4,98.8,37.94,2.06,423788000.0,0,5.64,5.28,4.89,5.57,5.93,191.6,191.7,189.2,190.8,189.6,188.4,98.6,89.3,87.6,33.39,43.99,70.14,2.7,3.18,3.04,5.27,5.191666666666666,0.37509998667018224,5.73,35.46333333333333,2.313333333333334,0.8660254037844386,0.5000000000000001,10.0,1.763017000362401,0.6906268715794821
2005-03-01,2005,3,6.44,3.3351,193.1,191.7,100.1,42.31,2.34,423788000.0,0,5.83,5.64,5.28,5.16,6.11,192.4,191.7,189.8,191.4,189.9,188.9,98.8,93.0,95.3,37.94,35.06,65.64,2.06,2.18,2.98,5.583333333333333,5.235,0.2793444707405302,5.721666666666667,37.88,2.3666666666666667,1.0,6.123233995736766e-17,10.0,1.8625285401162623,0.6997140672581594
2005-04-01,2005,4,6.19,3.1957,193.7,192.1,100.0,52.25,2.57,423788000.0,0,6.44,5.83,5.64,4.61,6.62,193.1,191.6,190.8,191.7,190.8,189.4,100.1,98.6,89.2,42.31,33.39,55.35,2.34,2.7,3.03,5.97,5.448333333333333,0.4179712908801001,5.749166666666667,44.166666666666664,2.3233333333333333,0.8660254037844387,-0.4999999999999998,10.0,1.8229350866965048,0.6990150522059535
2005-05-01,2005,5,6.06,3.1302,193.6,192.6,88.3,59.54,2.76,423788000.0,0,6.19,6.44,5.83,4.89,6.37,193.7,192.4,191.7,192.1,191.4,189.6,100.0,98.8,89.3,52.25,37.94,43.99,2.57,2.06,3.18,6.153333333333333,5.711666666666667,0.3066485501894831,5.713333333333334,51.36666666666667,2.5566666666666666,0.49999999999999994,-0.8660254037844387,10.0,1.801709800081223,0.6172302910978569
2005-06-01,2005,6,6.31,3.2576,193.7,193.2,95.7,69.19,3.14,423788000.0,0,6.06,6.19,6.44,5.28,6.44,193.6,193.1,191.7,192.6,191.7,189.9,88.3,100.1,93.0,59.54,42.31,35.06,2.76,2.34,2.18,6.23,5.906666666666666,0.19313207915822603,5.6875,60.32666666666666,2.8233333333333337,1.2246467991473532e-16,-1.0,10.0,1.8421356765531218,0.6689574049610976
2005-07-01,2005,7,7.1,3.6429,194.9,193.6,102.1,75.29,2.7,423788000.0,0,6.31,6.06,6.19,5.64,6.14,193.7,193.7,191.6,193.2,192.1,190.8,95.7,100.0,98.6,69.19,52.25,33.39,3.14,2.57,2.7,6.1866666666666665,6.078333333333333,0.1250333288899887,5.676666666666667,68.00666666666666,2.8666666666666667,-0.4999999999999997,-0.8660254037844388,10.0,1.9600947840472698,0.7136943683022785
2005-08-01,2005,8,6.48,3.3044,196.1,194.2,98.4,73.18,2.99,423788000.0,0,7.1,6.31,6.06,5.83,5.57,194.9,193.6,192.4,193.6,192.6,191.4,102.1,88.3,98.8,75.29,59.54,37.94,2.7,2.76,2.06,6.489999999999999,6.321666666666666,0.5428627819255821,5.756666666666667,72.55333333333334,2.9433333333333334,-0.8660254037844384,-0.5000000000000004,10.0,1.8687205103641833,0.6878308113706583
2005-09-01,2005,9,5.64,2.837,198.8,194.6,92.2,67.35,1.94,423788000.0,0,6.48,7.1,6.31,6.44,5.16,196.1,193.7,193.1,194.2,193.2,191.7,98.4,95.7,100.1,73.18,69.19,42.31,2.99,3.14,2.34,6.63,6.430000000000001,0.4158124577258162,5.8325000000000005,71.94,2.5433333333333334,-1.0,-1.8369701987210297e-16,10.0,1.7298840655099674,0.6444918781338892
2005-10-01,2005,10,5.38,2.7022,199.1,195.2,99.3,55.36,2.37,423788000.0,0,5.64,6.48,7.1,6.19,4.61,198.8,194.9,193.7,194.6,193.6,192.1,92.2,102.1,100.0,67.35,75.29,52.25,1.94,2.7,2.57,6.406666666666666,6.296666666666667,0.7327573495593985,5.8725,65.29666666666667,2.433333333333333,-0.8660254037844386,0.5000000000000001,10.0,1.682688374173693,0.6941219468405119
2005-11-01,2005,11,6.35,3.2055,198.1,195.6,99.2,45.0,2.22,423788000.0,0,5.38,5.64,6.48,6.06,4.89,199.1,196.1,193.6,195.2,194.2,192.6,99.3,98.4,88.3,55.36,73.18,59.54,2.37,2.99,2.76,5.833333333333333,6.161666666666666,0.574920284329322,5.9366666666666665,55.90333333333333,2.176666666666667,-0.5000000000000004,0.8660254037844384,10.0,1.8484548129046001,0.6934229317883059
2005-12-01,2005,12,6.87,3.4679,198.1,196.0,99.4,32.7,2.29,423788000.0,0,6.35,5.38,5.64,6.31,5.28,198.1,198.8,193.7,195.6,194.6,193.2,99.2,92.2,95.7,45.0,67.35,69.19,2.22,1.94,3.14,5.789999999999999,6.21,0.5020956084253015,6.058333333333334,44.35333333333333,2.2933333333333334,-2.4492935982947064e-16,1.0,10.0,1.927164106234258,0.6948209618927178
2006-01-01,2006,1,7.09,3.5575,199.3,196.6,108.1,38.93,2.61,440698000.0,0,6.87,6.35,5.38,7.1,5.64,198.1,199.1,194.9,196.0,195.2,193.6,99.4,99.3,102.1,32.7,55.36,75.29,2.29,2.37,2.7,6.2,6.303333333333334,0.7562407024221706,6.190833333333334,38.876666666666665,2.3733333333333335,0.49999999999999994,0.8660254037844387,11.0,1.958685340544036,0.7857866500483758
2006-02-01,2006,2,6.8,3.4102,199.4,197.2,108.1,34.83,1.52,440698000.0,0,7.09,6.87,6.35,6.48,5.83,199.3,198.1,196.1,196.6,195.6,194.2,108.1,99.2,98.4,38.93,45.0,73.18,2.61,2.22,2.99,6.7700000000000005,6.301666666666667,0.37999999999997824,6.311666666666667,35.48666666666667,2.14,0.8660254037844386,0.5000000000000001,11.0,1.916922612182061,0.7857866500483758
2006-03-01,2006,3,8.48,4.2464,199.7,197.6,104.0,42.6,2.31,440698000.0,0,6.8,7.09,6.87,5.64,6.44,199.4,198.1,198.8,197.2,196.0,194.6,108.1,99.4,92.2,34.83,32.7,67.35,1.52,2.29,1.94,6.919999999999999,6.355,0.15132745950416499,6.392500000000001,38.78666666666667,2.1466666666666665,1.0,6.123233995736766e-17,11.0,2.1377104498038118,0.7559834561057456
2006-04-01,2006,4,8.36,4.1654,200.7,198.0,104.2,55.24,2.54,440698000.0,0,8.48,6.8,7.09,5.38,6.19,199.7,199.3,199.1,197.6,196.6,195.2,104.0,108.1,99.3,42.6,38.93,55.36,2.31,2.61,2.37,7.456666666666666,6.828333333333333,0.8980163324424139,6.5625,44.223333333333336,2.1233333333333335,0.8660254037844387,-0.4999999999999998,11.0,2.1234584270966104,0.7574372704444104
2006-05-01,2006,5,7.73,3.84,201.3,198.7,111.3,62.26,2.29,440698000.0,0,8.36,8.48,6.8,6.35,6.06,200.7,199.4,198.1,198.0,197.2,195.6,104.2,108.1,99.2,55.24,34.83,45.0,2.54,1.52,2.22,7.88,7.324999999999999,0.9372299611087955,6.743333333333332,53.36666666666667,2.38,0.49999999999999994,-0.8660254037844387,11.0,2.0451088625993306,0.8090476794670142
2006-06-01,2006,6,8.46,4.1923,201.8,199.2,115.3,70.74,2.56,440698000.0,0,7.73,8.36,8.48,6.87,6.31,201.3,199.7,198.1,198.7,197.6,196.0,111.3,104.0,99.4,62.26,42.6,32.7,2.29,2.31,2.29,8.19,7.555,0.40286474156967006,6.882499999999999,62.74666666666667,2.4633333333333334,1.2246467991473532e-16,-1.0,11.0,2.135349173618132,0.8381239662403122
2006-07-01,2006,7,9.32,4.5934,202.9,199.7,120.6,76.39,2.46,440698000.0,0,8.46,7.73,8.36,7.09,7.1,201.8,200.7,199.3,199.2,198.0,196.6,115.3,104.2,108.1,70.74,55.24,38.93,2.56,2.54,2.61,8.183333333333332,7.82,0.3957692930652027,7.061666666666667,69.79666666666667,2.436666666666667,-0.4999999999999997,-0.8660254037844388,11.0,2.2321626286975,0.8766500462149318
2006-08-01,2006,8,7.55,3.7046,203.8,200.2,106.0,73.38,2.8,440698000.0,0,9.32,8.46,7.73,6.8,6.48,202.9,201.3,199.4,199.7,198.7,197.2,120.6,111.3,108.1,76.39,62.26,34.83,2.46,2.29,1.52,8.503333333333332,8.191666666666668,0.7958852513606052,7.246666666666666,73.50333333333333,2.606666666666667,-0.8660254037844384,-0.5000000000000004,11.0,2.0215475632609334,0.7705215994923944
2006-09-01,2006,9,6.12,3.0178,202.8,200.5,111.2,63.28,2.8,440698000.0,0,7.55,9.32,8.46,8.48,5.64,203.8,201.8,199.7,200.2,199.2,197.6,106.0,115.3,104.0,73.38,70.74,42.6,2.8,2.56,2.31,8.443333333333333,8.316666666666666,0.8851176946222086,7.3358333333333325,71.01666666666667,2.686666666666666,-1.0,-1.8369701987210297e-16,11.0,1.8115620965242347,0.8083207722976817
2006-10-01,2006,10,5.68,2.8133,201.9,201.1,120.2,52.57,2.9,440698000.0,0,6.12,7.55,9.32,8.36,5.38,202.8,202.9,200.7,200.5,199.7,198.0,111.2,120.6,104.2,63.28,76.39,55.24,2.8,2.46,2.54,7.663333333333333,7.923333333333333,1.6030075899175669,7.375833333333333,63.07666666666666,2.8333333333333335,-0.8660254037844386,0.5000000000000001,11.0,1.7369512327330598,0.873742417537602
2006-11-01,2006,11,6.68,3.3069,202.0,201.6,137.3,44.08,2.46,440698000.0,0,5.68,6.12,7.55,7.73,6.35,201.9,203.8,201.3,201.1,200.2,198.7,120.2,106.0,111.3,52.57,73.38,62.26,2.9,2.8,2.29,6.449999999999999,7.476666666666667,0.9777013859047051,7.400833333333334,53.31,2.72,-0.5000000000000004,0.8660254037844384,11.0,1.8991179875485542,0.9980435434934506
2006-12-01,2006,12,6.92,3.4072,203.1,202.2,138.3,36.57,2.57,440698000.0,0,6.68,5.68,6.12,8.46,6.87,202.0,202.8,201.8,201.6,200.5,199.2,137.3,111.2,115.3,44.08,63.28,70.74,2.46,2.8,2.56,6.159999999999999,7.301666666666666,0.501198563445645,7.428333333333334,44.406666666666666,2.643333333333333,-2.4492935982947064e-16,1.0,11.0,1.9344157696295783,1.005312615186775
2007-01-01,2007,1,7.15,3.5146,203.437,203.171,136.5,31.35,2.22,444875000.0,0,6.92,6.68,5.68,9.32,7.09,203.1,201.9,202.9,202.2,201.1,199.7,138.3,120.2,120.6,36.57,52.57,76.39,2.57,2.9,2.46,6.426666666666666,7.044999999999999,0.6576726642740403,7.4325,37.333333333333336,2.4166666666666665,0.49999999999999994,0.8660254037844387,12.0,1.9671123567059163,1.0016327707318724
2007-02-01,2007,2,7.38,3.6136,204.226,203.909,134.7,32.41,1.75,444875000.0,0,7.15,6.92,6.68,7.55,6.8,203.437,202.0,203.8,203.171,201.6,200.2,136.5,137.3,106.0,31.35,44.08,73.38,2.22,2.46,2.8,6.916666666666667,6.683333333333334,0.23501772982760052,7.4375,33.44333333333333,2.18,0.8660254037844386,0.5000000000000001,12.0,1.998773638612381,0.988424426502441
2007-03-01,2007,3,7.92,3.858,205.288,204.082,142.6,47.64,2.31,444875000.0,0,7.38,7.15,6.92,6.12,8.48,204.226,203.1,202.8,203.909,202.2,200.5,134.7,138.3,111.2,32.41,36.57,63.28,1.75,2.57,2.8,7.1499999999999995,6.655,0.22999999999997375,7.485833333333333,37.13333333333333,2.0933333333333333,1.0,6.123233995736766e-17,12.0,2.0693912058263346,1.0463943817316117
2007-04-01,2007,4,8.69,4.2204,205.904,204.725,154.3,50.54,2.49,444875000.0,0,7.92,7.38,7.15,5.68,8.36,205.288,203.437,201.9,204.082,203.171,201.1,142.6,136.5,120.2,47.64,31.35,52.57,2.31,2.22,2.9,7.483333333333333,6.955000000000001,0.39526362510775576,7.439166666666666,43.53,2.1833333333333336,0.8660254037844387,-0.4999999999999998,12.0,2.162172939277301,1.132248619222915
2007-05-01,2007,5,7.94,3.8403,206.755,205.233,144.9,62.31,2.75,444875000.0,0,8.69,7.92,7.38,6.68,7.73,205.904,204.226,202.0,204.725,203.909,201.6,154.3,134.7,137.3,50.54,32.41,44.08,2.49,1.75,2.46,7.996666666666665,7.456666666666667,0.6583565396753717,7.466666666666666,53.49666666666667,2.516666666666667,0.49999999999999994,-0.8660254037844387,12.0,2.0719132752590443,1.0632717104692182
2007-06-01,2007,6,7.74,3.7349,207.234,205.934,157.0,69.85,2.91,444875000.0,0,7.94,8.69,7.92,6.92,8.46,206.755,205.288,203.1,205.233,204.082,202.2,144.9,142.6,138.3,62.31,47.64,36.57,2.75,2.31,2.57,8.183333333333332,7.666666666666667,0.4389001405027465,7.484166666666667,60.9,2.716666666666667,1.2246467991473532e-16,-1.0,12.0,2.046401687601636,1.1520611355670618
2007-07-01,2007,7,7.96,3.8342,207.603,206.931,150.0,74.68,2.88,444875000.0,0,7.74,7.94,8.69,7.15,9.32,207.234,205.904,203.437,205.934,204.725,203.171,157.0,154.3,136.5,69.85,50.54,31.35,2.91,2.49,2.22,8.123333333333333,7.803333333333334,0.5008326400438871,7.424166666666667,68.94666666666667,2.8466666666666662,-0.4999999999999997,-0.8660254037844388,12.0,2.0744289998562917,1.1006953524526069
2007-08-01,2007,8,6.7,3.2263,207.667,207.756,143.8,74.62,2.6,444875000.0,0,7.96,7.74,7.94,7.38,7.55,207.603,206.755,204.226,206.931,205.233,203.909,150.0,144.9,134.7,74.68,62.31,32.41,2.88,2.75,1.75,7.88,7.9383333333333335,0.12165525060593964,7.310833333333334,73.05,2.796666666666667,-0.8660254037844384,-0.5000000000000004,12.0,1.9021075263969205,1.0551999445512326
2007-09-01,2007,9,5.79,2.7764,208.547,208.805,153.4,66.42,2.17,444875000.0,0,6.7,7.96,7.74,7.92,6.12,207.667,207.234,205.288,207.756,205.934,204.082,143.8,157.0,142.6,74.62,69.85,47.64,2.6,2.91,2.31,7.466666666666666,7.825,0.673003219407844,7.240000000000001,71.90666666666668,2.5500000000000003,-1.0,-1.8369701987210297e-16,12.0,1.7561322915849038,1.1256444471081992
2007-10-01,2007,10,5.67,2.7105,209.19,209.275,160.4,56.66,2.71,444875000.0,0,5.79,6.7,7.96,8.69,5.68,208.547,207.603,205.904,208.805,206.931,204.725,153.4,150.0,154.3,66.42,74.68,50.54,2.17,2.88,2.49,6.816666666666666,7.47,1.0896941466913161,7.2124999999999995,65.89999999999999,2.4933333333333336,-0.8660254037844386,0.5000000000000001,12.0,1.7351891177396608,1.1770102302226544
2007-11-01,2007,11,6.47,3.0688,210.834,209.854,161.9,43.99,1.4,444875000.0,0,5.67,5.79,6.7,7.94,6.68,209.19,207.667,206.755,209.275,207.756,205.233,160.4,143.8,144.9,56.66,74.62,62.31,2.71,2.6,2.75,6.053333333333332,6.966666666666666,0.5632347053700674,7.211666666666666,55.69,2.0933333333333333,-0.5000000000000004,0.8660254037844384,12.0,1.8671761085128091,1.1880171837471805
2007-12-01,2007,12,7.21,3.4099,211.445,210.233,163.9,33.22,2.97,444875000.0,0,6.47,5.67,5.79,7.74,6.92,210.834,208.547,207.234,209.854,208.805,205.934,161.9,153.4,157.0,43.99,66.42,69.85,1.4,2.17,2.91,5.976666666666667,6.721666666666668,0.43143172499632604,7.194166666666667,44.623333333333335,2.36,-2.4492935982947064e-16,1.0,12.0,1.9754689512968577,1.202693121779882
2008-01-01,2008,1,7.5,3.5348,212.174,211.07,177.5,30.27,2.21,415055000.0,0,7.21,6.47,5.67,7.96,7.15,211.445,209.19,207.603,210.233,209.275,206.931,163.9,160.4,150.0,33.22,56.66,74.68,2.97,2.71,2.88,6.449999999999999,6.633333333333333,0.7701947805587742,7.218333333333334,35.82666666666667,2.1933333333333334,0.49999999999999994,0.8660254037844387,13.0,2.0149030205422647,1.2151835450170418
2008-02-01,2008,2,7.76,3.6486,212.687,211.878,181.9,34.7,2.47,415055000.0,0,7.5,7.21,6.47,6.7,7.38,212.174,210.834,207.667,211.07,209.854,207.756,177.5,161.9,143.8,30.27,43.99,74.62,2.21,1.4,2.6,7.06,6.5566666666666675,0.5311308689955668,7.2475,32.73,2.5500000000000003,0.8660254037844386,0.5000000000000001,13.0,2.048982334195127,1.2453064047245066
2008-03-01,2008,3,7.87,3.6871,213.448,212.537,197.8,41.86,2.52,415055000.0,0,7.76,7.5,7.21,5.79,7.92,212.687,211.445,208.547,211.878,210.233,208.805,181.9,163.9,153.4,34.7,33.22,66.42,2.47,2.97,2.17,7.489999999999999,6.733333333333333,0.2751363298439355,7.279166666666666,35.61000000000001,2.4,1.0,6.123233995736766e-17,13.0,2.063058062429312,1.3541594659401177
2008-04-01,2008,4,8.45,3.9497,213.942,213.083,198.4,50.38,2.54,415055000.0,0,7.87,7.76,7.5,5.67,8.69,213.448,212.174,209.19,212.537,211.07,209.275,197.8,177.5,160.4,41.86,30.27,56.66,2.52,2.21,2.71,7.71,7.079999999999999,0.18999999999998338,7.2749999999999995,42.31333333333334,2.5100000000000002,0.8660254037844387,-0.4999999999999998,13.0,2.134166441369082,1.3582671286274992
2008-05-01,2008,5,9.23,4.2889,215.208,213.967,200.7,59.34,3.0,415055000.0,0,8.45,7.87,7.76,6.47,7.94,213.942,212.687,210.834,213.083,211.878,209.854,198.4,181.9,161.9,50.38,34.7,43.99,2.54,2.47,1.4,8.026666666666666,7.543333333333334,0.37072002014098315,7.255,50.52666666666667,2.686666666666667,0.49999999999999994,-0.8660254037844387,13.0,2.222459048514761,1.3740131689291282
2008-06-01,2008,6,10.37,4.7686,217.463,215.015,195.7,69.58,3.0,415055000.0,0,9.23,8.45,7.87,7.21,7.74,215.208,213.448,211.445,213.967,212.537,210.233,200.7,197.8,163.9,59.34,41.86,33.22,3.0,2.52,2.97,8.516666666666667,8.003333333333332,0.6824465791058946,7.3625,59.76666666666667,2.846666666666667,1.2246467991473532e-16,-1.0,13.0,2.3389170222414357,1.3397826465342821
2008-07-01,2008,7,10.98,5.0133,219.016,216.376,201.6,74.05,2.8,415055000.0,0,10.37,9.23,8.45,7.5,7.96,217.463,213.942,212.174,215.015,213.083,211.07,195.7,198.4,177.5,69.58,50.38,30.27,3.0,2.54,2.21,9.35,8.53,0.9656086163658734,7.581666666666666,67.65666666666668,2.933333333333333,-0.4999999999999997,-0.8660254037844388,13.0,2.3960754360813845,1.3801746629602007
2008-08-01,2008,8,10.71,4.8973,218.69,217.063,201.6,72.25,3.05,415055000.0,0,10.98,10.37,9.23,7.76,6.7,219.016,215.208,212.687,216.376,213.967,211.878,201.6,200.7,181.9,74.05,59.34,34.7,2.8,3.0,2.47,10.193333333333333,9.11,0.888275482794253,7.833333333333333,71.96,2.9499999999999997,-0.8660254037844384,-0.5000000000000004,13.0,2.3711778844596574,1.3801746629602007
2008-09-01,2008,9,8.65,3.952,218.877,218.225,201.6,65.19,2.68,415055000.0,0,10.71,10.98,10.37,7.87,5.79,218.69,217.463,213.448,217.063,215.015,212.537,201.6,195.7,197.8,72.25,69.58,41.86,3.05,3.0,2.52,10.686666666666667,9.601666666666667,0.30566866593318287,8.167499999999999,70.49666666666667,2.8433333333333333,-1.0,-1.8369701987210297e-16,13.0,2.157559320943788,1.3801746629602007
2008-10-01,2008,10,7.6,3.5024,216.995,219.29,174.1,53.98,2.18,415055000.0,0,8.65,10.71,10.98,8.45,5.67,218.877,219.016,213.942,218.225,216.376,213.083,201.6,201.6,198.4,65.19,74.05,50.38,2.68,2.8,2.54,10.113333333333335,9.731666666666667,1.274454131514102,8.405833333333334,63.806666666666665,2.6366666666666667,-0.8660254037844386,0.5000000000000001,13.0,2.028148247292285,1.1919067897885463
2008-11-01,2008,11,8.77,4.1144,213.153,220.043,125.6,43.92,1.95,415055000.0,0,7.6,8.65,10.71,9.23,6.47,216.995,218.69,215.208,219.29,217.063,213.967,174.1,201.6,200.7,53.98,72.25,59.34,2.18,3.05,3.0,8.986666666666666,9.59,1.5820977635194835,8.566666666666666,54.36333333333334,2.27,-0.5000000000000004,0.8660254037844384,13.0,2.1713368063840917,0.8598707225585377
2008-12-01,2008,12,9.3,4.3993,211.398,220.684,120.4,31.87,2.84,415055000.0,0,8.77,7.6,8.65,10.37,7.21,213.153,218.877,217.463,220.043,218.225,215.015,125.6,201.6,195.7,43.92,65.19,69.58,1.95,2.68,3.0,8.339999999999998,9.513333333333334,0.6436614016701703,8.758333333333335,43.25666666666667,2.3233333333333333,-2.4492935982947064e-16,1.0,13.0,2.2300144001592104,0.8242709792678977
2009-01-01,2009,1,9.27,4.374,211.933,221.319,122.5,31.05,1.6,432601000.0,0,9.3,8.77,7.6,10.98,7.5,211.398,216.995,219.016,220.684,219.29,216.376,120.4,174.1,201.6,31.87,53.98,74.05,2.84,2.18,2.8,8.556666666666667,9.335,0.869846729794017,8.9325,35.61333333333334,2.1299999999999994,0.49999999999999994,0.8660254037844387,14.0,2.2267833795777636,0.8741007248534667
2009-02-01,2009,2,9.07,4.2641,212.705,221.968,118.2,36.77,1.55,432601000.0,0,9.27,9.3,8.77,10.71,7.76,211.933,213.153,218.69,221.319,220.043,217.063,122.5,125.6,201.6,31.05,43.92,72.25,1.6,1.95,3.05,9.113333333333332,9.049999999999999,0.2977135088190548,9.08,33.23,1.9966666666666668,0.8660254037844386,0.5000000000000001,14.0,2.2049722641270453,0.8434180055320798
2009-03-01,2009,3,9.33,4.3907,212.495,222.216,116.0,42.87,2.7,432601000.0,0,9.07,9.27,9.3,8.65,7.87,212.705,211.398,218.877,221.968,220.684,218.225,118.2,120.4,201.6,36.77,31.87,65.19,1.55,2.84,2.68,9.213333333333333,8.776666666666666,0.12503332889015958,9.189166666666667,36.89666666666667,1.9500000000000002,1.0,6.123233995736766e-17,14.0,2.2332350148592526,0.8277198700653237
2009-04-01,2009,4,9.44,4.438,212.709,222.905,119.1,50.9,2.82,432601000.0,0,9.33,9.07,9.27,7.6,8.45,212.495,211.933,216.995,222.216,221.319,219.29,116.0,122.5,174.1,42.87,31.05,53.98,2.7,1.6,2.18,9.223333333333333,8.89,0.13613718571116004,9.310833333333333,43.51333333333333,2.356666666666667,0.8660254037844387,-0.4999999999999998,14.0,2.244955980157409,0.8498399700412073
2009-05-01,2009,5,9.46,4.4409,213.022,223.023,127.9,61.63,3.31,432601000.0,0,9.44,9.33,9.07,8.77,9.23,212.709,212.705,213.153,222.905,221.968,220.043,119.1,118.2,125.6,50.9,36.77,43.92,2.82,1.55,1.95,9.28,9.196666666666667,0.19000000000005834,9.393333333333333,51.79999999999999,2.9433333333333334,0.49999999999999994,-0.8660254037844387,14.0,2.247072383063787,0.9126325119082318
2009-06-01,2009,6,9.48,4.4136,214.79,223.163,134.2,68.5,3.01,432601000.0,0,9.46,9.44,9.33,9.3,10.37,213.022,212.495,211.398,223.023,222.216,220.684,127.9,116.0,120.4,61.63,42.87,31.87,3.31,2.7,2.84,9.409999999999998,9.311666666666667,0.07000000000017005,9.4125,60.343333333333334,3.046666666666667,1.2246467991473532e-16,-1.0,14.0,2.2491843162669305,0.9575862634721243
2009-07-01,2009,7,8.63,4.0191,214.726,223.345,123.3,72.61,3.07,432601000.0,0,9.48,9.46,9.44,9.27,10.98,214.79,212.709,211.933,223.163,222.905,221.319,134.2,119.1,122.5,68.5,50.9,31.05,3.01,2.82,1.6,9.46,9.341666666666667,0.020000000000607098,9.338333333333333,67.58,3.1299999999999994,-0.4999999999999997,-0.8660254037844388,14.0,2.155244505095337,0.8798091377504689
2009-08-01,2009,8,8.54,3.9639,215.445,223.675,111.7,71.87,2.69,432601000.0,0,8.63,9.48,9.46,9.07,10.71,214.726,213.022,212.705,223.345,223.023,221.968,123.3,127.9,118.2,72.61,61.63,36.77,3.07,3.31,1.55,9.190000000000001,9.235000000000001,0.4850773134254183,9.1425,70.99333333333334,2.9233333333333333,-0.8660254037844384,-0.5000000000000004,14.0,2.1447610078004784,0.7970371507439366
2009-09-01,2009,9,8.01,3.7107,215.861,224.003,110.7,66.36,2.54,432601000.0,0,8.54,8.63,9.48,9.33,8.65,215.445,214.79,212.495,223.675,223.163,222.216,111.7,134.2,116.0,71.87,68.5,42.87,2.69,3.01,2.7,8.883333333333333,9.146666666666667,0.5186842327788197,8.961666666666668,70.28,2.766666666666667,-1.0,-1.8369701987210297e-16,14.0,2.080690761080268,0.7899016346226838
2009-10-01,2009,10,7.11,3.2839,216.509,224.224,123.8,50.49,4.29,432601000.0,0,8.01,8.54,8.63,9.44,7.6,215.861,214.726,212.709,224.003,223.345,222.905,110.7,123.3,119.1,66.36,72.61,50.9,2.54,3.07,2.82,8.393333333333333,8.926666666666666,0.3350124375800838,8.908333333333333,62.90666666666667,3.1733333333333333,-0.8660254037844386,0.5000000000000001,14.0,1.9615022438151495,0.8833768958110954
2009-11-01,2009,11,7.22,3.3236,217.234,224.633,129.2,45.82,1.63,432601000.0,0,7.11,8.01,8.54,9.46,8.77,216.509,215.445,213.022,224.224,223.675,223.023,123.8,111.7,127.9,50.49,71.87,61.63,4.29,2.69,3.31,7.886666666666667,8.538333333333332,0.7229338374521862,8.867500000000001,54.223333333333336,2.8200000000000003,-0.5000000000000004,0.8660254037844384,14.0,1.9768549529047348,0.9219086828658603
2009-12-01,2009,12,7.47,3.4369,217.347,224.789,127.9,29.64,3.08,432601000.0,0,7.22,7.11,8.01,9.48,9.3,217.234,215.861,214.79,224.633,224.003,223.163,129.2,110.7,134.2,45.82,66.36,68.5,1.63,2.54,3.01,7.446666666666666,8.165,0.4909514572066574,8.738333333333333,41.983333333333334,3.0,-2.4492935982947064e-16,1.0,14.0,2.010894999144726,0.9126325119082318
2010-01-01,2010,1,7.45,3.4255,217.488,224.916,125.2,30.67,2.62,404549000.0,0,7.47,7.22,7.11,8.63,9.27,217.347,216.509,214.726,224.789,224.224,223.345,127.9,123.8,123.3,29.64,50.49,72.61,3.08,4.29,3.07,7.266666666666667,7.830000000000001,0.18448125469363758,8.585833333333333,35.37666666666667,2.4433333333333334,0.49999999999999994,0.8660254037844387,15.0,2.0082140323914683,0.8354362844731152
2010-02-01,2010,2,7.79,3.5852,217.281,225.081,118.9,31.8,2.01,404549000.0,0,7.45,7.47,7.22,8.54,9.07,217.488,217.234,215.445,224.916,224.633,223.675,125.2,129.2,111.7,30.67,45.82,71.87,2.62,1.63,2.69,7.38,7.633333333333333,0.1389244398945215,8.434166666666668,30.703333333333333,2.57,0.8660254037844386,0.5000000000000001,15.0,2.052840859882657,0.7933975576985097
2010-03-01,2010,3,7.86,3.6162,217.353,224.991,117.1,43.56,2.3,404549000.0,0,7.79,7.45,7.47,8.01,9.33,217.281,217.347,215.861,225.081,224.789,224.003,118.9,127.9,110.7,31.8,29.64,66.36,2.01,3.08,2.54,7.57,7.508333333333333,0.1907878402834106,8.327499999999999,35.343333333333334,2.31,1.0,6.123233995736766e-17,15.0,2.061786606441115,0.7813864929057651
2010-04-01,2010,4,8.36,3.8454,217.403,225.276,113.8,53.24,2.38,404549000.0,0,7.86,7.79,7.45,7.11,9.44,217.353,217.488,216.509,224.991,224.916,224.224,117.1,125.2,123.8,43.56,30.67,50.49,2.3,2.62,4.29,7.7,7.483333333333334,0.21931712199463435,8.205,42.86666666666667,2.23,0.8660254037844387,-0.4999999999999998,15.0,2.1234584270966104,0.7593662074524002
2010-05-01,2010,5,8.87,4.0821,217.29,225.573,108.3,59.86,3.31,404549000.0,0,8.36,7.86,7.79,7.22,9.46,217.403,217.281,217.234,225.276,225.081,224.633,113.8,118.9,129.2,53.24,31.8,45.82,2.38,2.01,1.63,8.003333333333332,7.691666666666667,0.3108590248542658,8.115,52.22,2.6633333333333336,0.49999999999999994,-0.8660254037844387,15.0,2.182674796321488,0.7226657316967922
2010-06-01,2010,6,8.22,3.7845,217.199,225.797,144.2,70.47,3.49,404549000.0,0,8.87,8.36,7.86,7.47,9.48,217.29,217.353,217.347,225.573,224.991,224.789,108.3,117.1,127.9,59.86,43.56,29.64,3.31,2.3,3.08,8.363333333333333,7.966666666666668,0.505008250757696,8.065833333333334,61.19,3.06,1.2246467991473532e-16,-1.0,15.0,2.1065702090680887,0.9622197461743068
2010-07-01,2010,7,8.25,3.7913,217.605,225.71,136.6,74.7,3.32,404549000.0,0,8.22,8.87,8.36,7.45,8.63,217.199,217.403,217.488,225.797,225.276,224.916,144.2,113.8,125.2,70.47,53.24,30.67,3.49,2.38,2.62,8.483333333333333,8.091666666666667,0.3421013495053028,7.960833333333333,68.34333333333332,3.3733333333333335,-0.4999999999999997,-0.8660254037844388,15.0,2.1102132003465894,0.9115063614938302
2010-08-01,2010,8,7.88,3.616,217.923,226.422,146.6,74.03,2.51,404549000.0,0,8.25,8.22,8.87,7.79,8.54,217.605,217.29,217.281,225.71,225.573,225.081,136.6,108.3,118.9,74.7,59.86,31.8,3.32,3.31,2.01,8.446666666666665,8.225,0.36692415201693784,7.929166666666667,73.06666666666666,3.106666666666667,-0.8660254037844384,-0.5000000000000004,15.0,2.064327903869788,0.9782344992312995
2010-09-01,2010,9,7.26,3.3261,218.275,227.075,184.7,66.47,2.78,404549000.0,0,7.88,8.25,8.22,7.86,8.01,217.923,217.199,217.353,226.422,225.797,224.991,146.6,144.2,117.1,74.03,70.47,43.56,2.51,3.49,2.3,8.116666666666667,8.24,0.20550750189067676,7.8741666666666665,71.73333333333333,2.8699999999999997,-1.0,-1.8369701987210297e-16,15.0,1.9823798288367047,1.2324687040110576
2010-10-01,2010,10,7.26,3.3145,219.035,227.287,204.1,56.14,1.97,404549000.0,0,7.26,7.88,8.25,8.36,7.11,218.275,217.605,217.403,227.075,225.71,225.276,184.7,136.6,113.8,66.47,74.7,53.24,2.78,3.32,2.38,7.796666666666667,8.139999999999999,0.5002332789142909,7.8116666666666665,65.54666666666667,2.42,-0.8660254037844386,0.5000000000000001,15.0,1.9823798288367047,1.361921291221748
2010-11-01,2010,11,8.08,3.6796,219.59,227.512,198.7,42.31,2.22,404549000.0,0,7.26,7.26,7.88,8.87,7.22,219.035,217.923,217.29,227.287,226.422,225.573,204.1,146.6,108.3,56.14,74.03,59.86,1.97,2.51,3.31,7.466666666666666,7.956666666666667,0.35795716689757506,7.824166666666667,54.973333333333336,2.3233333333333333,-0.5000000000000004,0.8660254037844384,15.0,2.089391872533004,1.3258880968435143
2010-12-01,2010,12,9.92,4.4994,220.472,227.722,211.9,32.47,2.45,404549000.0,0,8.08,7.26,7.26,8.22,7.47,219.59,218.275,217.199,227.512,227.075,225.797,198.7,184.7,144.2,42.31,66.47,70.47,2.22,2.78,3.49,7.533333333333334,7.825,0.47342722073549964,7.895833333333333,43.64000000000001,2.2133333333333334,-2.4492935982947064e-16,1.0,15.0,2.2945529212967815,1.413969238656974
2011-01-01,2011,1,8.95,4.0463,221.187,228.181,194.0,29.71,1.65,430037000.0,0,9.92,8.08,7.26,8.25,7.45,220.472,219.035,217.605,227.722,227.287,225.71,211.9,204.1,136.6,32.47,56.14,74.7,2.45,1.97,3.32,8.42,8.108333333333333,1.3622040963086328,8.1,34.830000000000005,2.106666666666667,0.49999999999999994,0.8660254037844387,16.0,2.191653532286764,1.3760855235416147
2011-02-01,2011,2,9.17,4.1325,221.898,228.606,200.6,33.04,1.98,430037000.0,0,8.95,9.92,8.08,7.88,7.79,221.187,219.59,217.923,228.181,227.512,226.422,194.0,198.7,146.6,29.71,42.31,74.03,1.65,2.22,2.51,8.983333333333334,8.225,0.9204527871289004,8.225,31.74,2.026666666666667,0.8660254037844386,0.5000000000000001,16.0,2.2159372862683733,1.4229008042394222
2011-03-01,2011,3,10.77,4.8286,223.046,229.282,168.6,43.07,2.91,430037000.0,0,9.17,8.95,9.92,7.26,7.86,221.898,220.472,218.275,228.606,227.722,227.075,200.6,211.9,184.7,33.04,32.47,66.47,1.98,2.45,2.78,9.346666666666666,8.44,0.5085600587279401,8.34,35.27333333333333,2.18,1.0,6.123233995736766e-17,16.0,2.3767644911682972,1.1959176250985373
2011-04-01,2011,4,10.85,4.8417,224.093,230.082,193.6,51.96,3.41,430037000.0,0,10.77,9.17,8.95,7.26,8.36,223.046,221.187,219.035,229.282,228.181,227.287,168.6,194.0,204.1,43.07,29.71,56.14,2.91,1.65,1.97,9.629999999999999,9.025,0.9933780750550295,8.582500000000001,42.69,2.766666666666667,0.8660254037844387,-0.4999999999999998,16.0,2.3841650799864684,1.3732482338023535
2011-05-01,2011,5,10.7,4.7597,224.806,230.501,180.9,59.11,3.43,430037000.0,0,10.85,10.77,9.17,8.08,8.87,224.093,221.898,219.59,230.082,228.606,227.512,193.6,200.6,198.7,51.96,33.04,42.31,3.41,1.98,2.22,10.263333333333334,9.623333333333333,0.9476989676755888,8.790000000000001,51.379999999999995,3.25,0.49999999999999994,-0.8660254037844387,16.0,2.3702437414678603,1.283164284580815
2011-06-01,2011,6,10.91,4.8531,224.806,231.097,196.4,69.8,2.58,430037000.0,0,10.7,10.85,10.77,9.92,8.22,224.806,223.046,220.472,230.501,229.282,227.722,180.9,168.6,211.9,59.11,43.07,32.47,3.43,2.91,2.45,10.773333333333333,10.059999999999999,0.07505553499499426,8.9425,60.29,3.14,1.2246467991473532e-16,-1.0,16.0,2.3896797998449792,1.393109261977181
2011-07-01,2011,7,12.81,5.6834,225.395,231.58,188.5,76.12,2.44,430037000.0,0,10.91,10.7,10.85,8.95,8.25,224.806,224.093,221.187,231.097,230.082,228.181,196.4,193.6,194.0,69.8,51.96,29.71,2.58,3.41,1.65,10.82,10.225,0.10816653826416116,9.166666666666666,68.34333333333333,2.8166666666666664,-0.4999999999999997,-0.8660254037844388,16.0,2.550226115908643,1.3370727896267751
2011-08-01,2011,8,10.08,4.4581,226.106,232.513,180.1,74.98,2.34,430037000.0,0,12.81,10.91,10.7,9.17,7.88,225.395,224.806,221.898,231.58,230.501,228.606,188.5,180.9,200.6,76.12,59.11,33.04,2.44,3.43,1.98,11.473333333333334,10.868333333333332,1.1623395946681827,9.546666666666667,73.63333333333334,2.4533333333333336,-0.8660254037844384,-0.5000000000000004,16.0,2.3105532626432224,1.2774897051022929
2011-09-01,2011,9,8.05,3.5526,226.597,233.032,186.1,66.07,2.48,430037000.0,0,10.08,12.81,10.91,10.77,7.26,226.106,224.806,223.046,232.513,231.097,229.282,180.1,196.4,168.6,74.98,69.8,43.07,2.34,2.58,2.91,11.266666666666667,11.019999999999998,1.3995118196476197,9.73,72.39,2.42,-1.0,-1.8369701987210297e-16,16.0,2.0856720914304723,1.3200490511912089
2011-10-01,2011,10,7.47,3.2944,226.75,233.459,180.8,55.08,2.14,430037000.0,0,8.05,10.08,12.81,10.85,7.26,226.597,225.395,224.093,233.032,231.58,230.082,186.1,188.5,193.6,66.07,76.12,51.96,2.48,2.44,3.41,10.313333333333333,10.566666666666666,2.3885630268706284,9.795833333333333,65.37666666666667,2.32,-0.8660254037844386,0.5000000000000001,16.0,2.010894999144726,1.2824549621459997
2011-11-01,2011,11,8.59,3.7813,227.169,234.046,176.7,43.74,2.47,430037000.0,0,7.47,8.05,10.08,10.7,8.08,226.75,226.106,224.806,233.459,232.513,230.501,180.8,180.1,180.9,55.08,74.98,59.11,2.14,2.34,3.43,8.533333333333333,10.003333333333332,1.3704865316132644,9.813333333333333,54.96333333333333,2.3633333333333333,-0.5000000000000004,0.8660254037844384,16.0,2.150598735996164,1.2533727423185739
2011-12-01,2011,12,9.06,3.9873,227.223,234.435,173.5,35.4,2.26,430037000.0,0,8.59,7.47,8.05,10.91,9.92,227.169,226.597,224.806,234.046,233.032,231.097,176.7,186.1,196.4,43.74,66.07,69.8,2.47,2.48,2.58,8.036666666666667,9.651666666666667,0.5601190349678798,9.855833333333333,44.74,2.2899999999999996,-2.4492935982947064e-16,1.0,16.0,2.203869120054888,1.2306744244044854
2012-01-01,2012,1,9.14,4.0116,227.842,235.268,171.2,36.12,2.09,464970000.0,0,9.06,8.59,7.47,12.81,8.95,227.223,226.75,225.395,234.435,233.459,231.58,173.5,180.8,188.5,35.4,55.08,76.12,2.26,2.14,2.44,8.373333333333333,9.343333333333334,0.8168435182661079,9.784166666666666,38.419999999999995,2.2733333333333334,0.49999999999999994,0.8660254037844387,17.0,2.2126603854660587,1.3130055625620218
2012-02-01,2012,2,9.14,4.003,228.329,235.603,182.1,37.51,1.85,464970000.0,0,9.14,9.06,8.59,10.08,9.17,227.842,227.169,226.106,235.268,234.046,232.513,171.2,176.7,180.1,36.12,43.74,74.98,2.09,2.47,2.34,8.930000000000001,8.731666666666667,0.297153159162117,9.8,36.34333333333333,2.0666666666666664,0.8660254037844386,0.5000000000000001,17.0,2.2126603854660587,1.3966022952251413
2012-03-01,2012,3,10.16,4.4404,228.807,236.073,185.0,50.4,2.87,464970000.0,0,9.14,9.14,9.06,8.05,10.77,228.329,227.223,226.597,235.603,234.435,233.032,182.1,173.5,186.1,37.51,35.4,66.07,1.85,2.26,2.48,9.113333333333335,8.575000000000001,0.04618802153547853,9.797500000000001,41.343333333333334,2.27,1.0,6.123233995736766e-17,17.0,2.318458442150336,1.41884362776854
2012-04-01,2012,4,11.42,4.9828,229.187,236.695,191.5,54.68,2.22,464970000.0,0,10.16,9.14,9.14,7.47,10.85,228.807,227.842,226.75,236.073,235.268,233.459,185.0,171.2,180.8,50.4,36.12,55.08,2.87,2.09,2.14,9.48,8.926666666666668,0.5888972745734469,9.746666666666668,47.529999999999994,2.3133333333333335,0.8660254037844387,-0.4999999999999998,17.0,2.435366204227864,1.468694890365813
2012-05-01,2012,5,10.56,4.6171,228.713,237.262,191.4,63.43,2.5,464970000.0,0,11.42,10.16,9.14,8.59,10.7,229.187,228.329,227.169,236.695,235.603,234.046,191.5,182.1,176.7,54.68,37.51,43.74,2.22,1.85,2.47,10.240000000000002,9.585,1.142103322821559,9.794166666666667,56.169999999999995,2.53,0.49999999999999994,-0.8660254037844387,17.0,2.3570732782781154,1.4679279478643166
2012-06-01,2012,6,9.66,4.2271,228.524,237.839,182.9,70.52,2.24,464970000.0,0,10.56,11.42,10.16,9.06,10.91,228.713,228.807,227.223,237.262,236.073,234.435,191.4,185.0,173.5,63.43,50.4,35.4,2.5,2.87,2.26,10.713333333333333,9.913333333333334,0.6438426308760453,9.7825,62.876666666666665,2.3200000000000003,1.2246467991473532e-16,-1.0,17.0,2.2679936482244267,1.4027378352371134
2012-07-01,2012,7,9.42,4.1209,228.59,238.337,209.9,76.73,2.51,464970000.0,0,9.66,10.56,11.42,9.14,12.81,228.524,229.187,227.842,237.839,236.695,235.268,182.9,191.5,171.2,70.52,54.68,36.12,2.24,2.22,2.09,10.546666666666667,10.013333333333334,0.8800757543151526,9.678333333333333,70.22666666666667,2.4166666666666665,-0.4999999999999997,-0.8660254037844388,17.0,2.2428350885882717,1.6098123106411706
2012-08-01,2012,8,9.04,3.9318,229.918,239.057,185.7,73.78,2.47,464970000.0,0,9.42,9.66,10.56,9.14,10.08,228.59,228.713,228.329,238.337,237.262,235.603,209.9,191.4,182.1,76.73,63.43,37.51,2.51,2.5,1.85,9.88,10.06,0.6009991680527035,9.395833333333334,73.67666666666668,2.4066666666666667,-0.8660254037844384,-0.5000000000000004,17.0,2.201659174404085,1.4242122252790155
2012-09-01,2012,9,7.32,3.1686,231.015,239.565,200.5,66.29,2.34,464970000.0,0,9.04,9.42,9.66,10.16,8.05,229.918,228.524,228.807,239.057,237.839,236.073,185.7,182.9,185.0,73.78,70.52,50.4,2.47,2.24,2.87,9.373333333333333,10.043333333333333,0.31262330900521035,9.309166666666668,72.26666666666667,2.44,-1.0,-1.8369701987210297e-16,17.0,1.9906103279732201,1.537719715500499
2012-10-01,2012,10,7.04,3.0392,231.638,239.742,209.8,53.89,2.23,464970000.0,0,7.32,9.04,9.42,11.42,7.47,231.015,228.59,229.187,239.565,238.337,236.695,200.5,209.9,191.5,66.29,76.73,54.68,2.34,2.51,2.22,8.593333333333334,9.57,1.1189876377035424,9.248333333333333,64.65333333333332,2.3466666666666667,-0.8660254037844386,0.5000000000000001,17.0,1.951608170169951,1.6090453681396741
2012-11-01,2012,11,7.41,3.2043,231.249,240.038,204.7,44.01,1.32,464970000.0,0,7.04,7.32,9.04,10.56,8.59,231.638,229.918,228.713,239.742,239.057,237.262,209.8,185.7,191.4,53.89,73.78,63.43,2.23,2.47,2.5,7.800000000000001,8.84,1.0829589096544752,9.2125,54.73,1.9633333333333336,-0.5000000000000004,0.8660254037844384,17.0,2.0028304393079956,1.5699313005633522
2012-12-01,2012,12,7.76,3.3561,231.221,240.359,213.4,35.92,2.88,464970000.0,0,7.41,7.04,7.32,9.66,9.06,231.249,231.015,228.524,240.038,239.565,237.839,204.7,200.5,182.9,44.01,66.29,70.52,1.32,2.34,2.24,7.256666666666668,8.315,0.19295940851209317,9.114166666666668,44.60666666666666,2.143333333333333,-2.4492935982947064e-16,1.0,17.0,2.048982334195127,1.6366552981935483
2013-01-01,2013,1,8.28,3.5739,231.679,240.713,209.2,32.25,2.37,438662000.0,0,7.76,7.41,7.04,9.42,9.14,231.221,231.638,228.59,240.359,239.742,238.337,213.4,209.8,209.9,35.92,53.89,76.73,2.88,2.23,2.51,7.403333333333333,7.998333333333334,0.36004629331981564,9.005833333333333,37.39333333333334,2.19,0.49999999999999994,0.8660254037844387,18.0,2.1138429683971682,1.5136642968134222
2013-02-01,2013,2,8.13,3.4902,232.937,240.93,215.8,34.77,2.01,438662000.0,0,8.28,7.76,7.41,9.04,9.14,231.679,231.249,229.918,240.713,240.038,239.057,209.2,204.7,185.7,32.25,44.01,73.78,2.37,1.32,2.47,7.816666666666667,7.808333333333333,0.4377594468807541,8.934166666666666,34.31333333333334,2.42,0.8660254037844386,0.5000000000000001,18.0,2.0955609235597192,1.5614185241507483
2013-03-01,2013,3,8.91,3.8359,232.282,241.409,224.0,40.89,1.71,438662000.0,0,8.13,8.28,7.76,7.32,10.16,232.937,231.221,231.015,240.93,240.359,239.565,215.8,213.4,200.5,34.77,35.92,66.29,2.01,2.88,2.34,8.056666666666667,7.656666666666666,0.26764404221530397,8.85,35.970000000000006,2.03,1.0,6.123233995736766e-17,18.0,2.187174241482718,1.6207495338728806
2013-04-01,2013,4,8.99,3.8784,231.797,242.236,213.6,49.66,2.9,438662000.0,0,8.91,8.13,8.28,7.04,11.42,232.282,231.679,231.638,241.409,240.713,239.742,224.0,209.2,209.8,40.89,32.25,53.89,1.71,2.37,2.23,8.44,7.921666666666667,0.41388404173152255,8.745833333333334,41.77333333333333,2.2066666666666666,0.8660254037844387,-0.4999999999999998,18.0,2.196112848483529,1.5455004483716397
2013-05-01,2013,5,9.73,4.1959,231.893,242.642,218.2,60.84,3.35,438662000.0,0,8.99,8.91,8.13,7.41,10.56,231.797,232.937,231.249,242.236,240.93,240.038,213.6,215.8,204.7,49.66,34.77,44.01,2.9,2.01,1.32,8.676666666666668,8.246666666666668,0.4751140214026076,8.543333333333333,50.46333333333333,2.6533333333333338,0.49999999999999994,-0.8660254037844387,18.0,2.2752138961979136,1.5787836977279577
2013-06-01,2013,6,10.76,4.6291,232.445,243.016,225.1,70.38,3.34,438662000.0,0,9.73,8.99,8.91,7.76,9.66,231.893,232.282,231.221,242.642,241.409,240.359,218.2,224.0,213.4,60.84,40.89,35.92,3.35,1.71,2.88,9.210000000000003,8.633333333333333,0.4521061822183287,8.474166666666667,60.29333333333333,3.1966666666666668,1.2246467991473532e-16,-1.0,18.0,2.3758355547336385,1.6287085717624348
2013-07-01,2013,7,12.47,5.3542,232.9,243.409,212.5,74.19,3.34,438662000.0,0,10.76,9.73,8.99,8.28,9.42,232.445,231.797,231.679,243.016,242.236,240.713,225.1,213.6,209.2,70.38,49.66,32.25,3.34,2.9,2.37,9.826666666666668,9.133333333333333,0.8889506922959088,8.565833333333334,68.47,3.3433333333333333,-0.4999999999999997,-0.8660254037844388,18.0,2.523325759691945,1.5375414104820853
2013-08-01,2013,8,11.23,4.8103,233.456,243.811,207.3,72.97,2.56,438662000.0,0,12.47,10.76,9.73,8.13,9.04,232.9,231.893,232.937,243.409,242.642,240.93,212.5,218.2,215.8,74.19,60.84,34.77,3.34,3.35,2.01,10.98666666666667,9.831666666666665,1.3839918111511347,8.82,72.51333333333334,3.08,-0.8660254037844384,-0.5000000000000004,18.0,2.418588768750352,1.499916867731465
2013-09-01,2013,9,8.83,3.7809,233.544,244.036,189.5,66.94,2.98,438662000.0,0,11.23,12.47,10.76,8.91,7.32,233.456,232.445,232.282,243.811,243.016,241.409,207.3,225.1,224.0,72.97,70.38,40.89,2.56,3.34,1.71,11.48666666666667,10.348333333333334,0.8834213792598679,9.0025,71.36666666666666,2.9600000000000004,-1.0,-1.8369701987210297e-16,18.0,2.178155014615869,1.371125163700495
2013-10-01,2013,10,8.15,3.4878,233.669,244.35,191.5,53.42,2.23,438662000.0,0,8.83,11.23,12.47,8.99,7.04,233.544,232.9,231.797,244.036,243.409,242.236,189.5,212.5,213.6,66.94,74.19,49.66,2.98,3.34,2.9,10.843333333333335,10.334999999999999,1.8505494679509094,9.128333333333334,64.44333333333333,2.5900000000000003,-0.8660254037844386,0.5000000000000001,18.0,2.0980179272527715,1.3855961416815028
2013-11-01,2013,11,9.09,3.883,234.1,244.97,199.3,41.61,2.04,438662000.0,0,8.15,8.83,11.23,9.73,7.41,233.669,233.456,231.893,244.35,243.811,242.642,191.5,207.3,218.2,53.42,72.97,60.84,2.23,2.56,3.35,9.403333333333334,10.195,1.618064687623262,9.220833333333333,53.99,2.416666666666667,-0.5000000000000004,0.8660254037844384,18.0,2.2071749081893874,1.4420329558074334
2013-12-01,2013,12,9.23,3.9324,234.719,245.3,205.5,31.06,2.21,438662000.0,0,9.09,8.15,8.83,10.76,7.76,234.1,233.544,232.445,244.97,244.036,243.016,199.3,189.5,225.1,41.61,66.94,70.38,2.04,2.98,3.34,8.690000000000001,10.088333333333333,0.48538644398048175,9.360833333333334,42.03,2.16,-2.4492935982947064e-16,1.0,18.0,2.222459048514761,1.486892987548558
2014-01-01,2014,1,9.42,4.0036,235.288,245.481,221.4,30.56,1.37,448693000.0,0,9.23,9.09,8.15,12.47,8.28,234.719,233.669,232.9,245.3,244.35,243.409,205.5,191.5,212.5,31.06,53.42,74.19,2.21,2.23,3.34,8.823333333333334,9.833333333333334,0.5873102530463379,9.483333333333334,34.41,1.8733333333333333,0.49999999999999994,0.8660254037844387,19.0,2.2428350885882717,1.6385691856641842
2014-02-01,2014,2,9.58,4.0671,235.547,246.187,225.5,32.13,2.24,448693000.0,0,9.42,9.23,9.09,11.23,8.13,235.288,234.1,233.456,245.481,244.97,243.811,221.4,199.3,207.3,30.56,41.61,72.97,1.37,2.04,2.56,9.246666666666668,9.325000000000001,0.16563010998415229,9.578333333333335,31.25,1.9400000000000002,0.8660254037844386,0.5000000000000001,19.0,2.259677591982769,1.6689130594727801
2014-03-01,2014,3,9.81,4.1563,236.028,246.878,226.9,40.51,2.37,448693000.0,0,9.58,9.42,9.23,8.83,8.91,235.547,234.719,233.544,246.187,245.3,244.036,225.5,205.5,189.5,32.13,31.06,66.94,2.24,2.21,2.98,9.410000000000002,9.049999999999999,0.17521415467944557,9.699166666666667,34.4,1.9933333333333334,1.0,6.123233995736766e-17,19.0,2.2834022735772717,1.6792743822366911
2014-04-01,2014,4,10.27,4.3431,236.468,247.534,232.1,51.69,2.87,448693000.0,0,9.81,9.58,9.42,8.15,8.99,236.028,235.288,233.669,246.878,245.481,244.35,226.9,221.4,191.5,40.51,30.56,53.42,2.37,1.37,2.23,9.603333333333333,9.213333333333333,0.19604421270052916,9.774166666666668,41.44333333333333,2.4933333333333336,0.8660254037844387,-0.4999999999999998,19.0,2.329227023940467,1.7177592953597884
2014-05-01,2014,5,9.83,4.1491,236.918,247.952,220.0,61.27,2.81,448693000.0,0,10.27,9.81,9.58,9.09,9.73,236.468,235.547,234.1,247.534,246.187,244.97,232.1,225.5,199.3,51.69,32.13,41.61,2.87,2.24,2.04,9.886666666666668,9.566666666666666,0.3513308032800085,9.880833333333333,51.156666666666666,2.6833333333333336,0.49999999999999994,-0.8660254037844387,19.0,2.285438934159075,1.6282078629002732
2014-06-01,2014,6,10.53,4.4387,237.231,248.445,247.0,69.57,3.67,448693000.0,0,9.83,10.27,9.81,9.23,10.76,236.918,236.028,234.719,247.952,246.878,245.3,220.0,226.9,205.5,61.27,40.51,31.06,2.81,2.37,2.21,9.97,9.69,0.2600000000000854,9.889166666666666,60.843333333333334,3.116666666666667,1.2246467991473532e-16,-1.0,19.0,2.354228326145884,1.828033373347125
2014-07-01,2014,7,9.4,3.9579,237.498,249.21,208.7,73.27,2.6,448693000.0,0,10.53,9.83,10.27,9.42,12.47,237.231,236.468,235.288,248.445,247.534,245.481,247.0,232.1,221.4,69.57,51.69,30.56,3.67,2.87,1.37,10.21,9.906666666666666,0.35383612025915445,9.87,68.03666666666668,3.026666666666667,-0.4999999999999997,-0.8660254037844388,19.0,2.2407096892759584,1.54457718630585
2014-08-01,2014,8,8.78,3.6975,237.46,249.801,210.6,72.21,3.13,448693000.0,0,9.4,10.53,9.83,9.58,11.23,237.498,236.918,235.547,249.21,247.952,246.187,208.7,220.0,225.5,73.27,61.27,32.13,2.6,2.81,2.24,9.920000000000002,9.903333333333334,0.5703507692640052,9.614166666666668,71.68333333333332,3.1333333333333333,-0.8660254037844384,-0.5000000000000004,19.0,2.172476407647025,1.5586389814854433
2014-09-01,2014,9,8.08,3.4024,237.477,250.57,213.1,66.16,2.63,448693000.0,0,8.78,9.4,10.53,9.81,8.83,237.46,237.231,236.028,249.801,248.445,246.878,210.6,247.0,226.9,72.21,69.57,40.51,3.13,3.67,2.37,9.57,9.770000000000001,0.8872992730753433,9.41,70.54666666666667,2.7866666666666666,-1.0,-1.8369701987210297e-16,19.0,2.089391872533004,1.5771413435638557
2014-10-01,2014,10,7.27,3.062,237.43,251.1,197.4,56.91,2.42,448693000.0,0,8.08,8.78,9.4,10.27,8.15,237.477,237.498,236.468,250.57,249.21,247.534,213.1,208.7,232.1,66.16,73.27,51.69,2.63,2.6,2.87,8.753333333333334,9.481666666666667,0.6604039168064816,9.347499999999998,65.09333333333333,2.7266666666666666,-0.8660254037844386,0.5000000000000001,19.0,1.9837562915454279,1.460946509711427
2014-11-01,2014,11,8.16,3.4433,236.983,251.987,191.4,39.25,2.13,448693000.0,0,7.27,8.08,8.78,9.83,9.09,237.43,237.46,236.918,251.1,249.801,247.952,197.4,210.6,220.0,56.91,72.21,61.27,2.42,3.13,2.81,8.043333333333335,8.981666666666667,0.7556674753708286,9.274166666666668,54.10666666666666,2.393333333333333,-0.5000000000000004,0.8660254037844384,19.0,2.0992441689760155,1.4165408407232378
2014-12-01,2014,12,8.66,3.6656,236.252,252.628,192.9,36.81,2.57,448693000.0,0,8.16,7.27,8.08,10.53,9.23,236.983,237.477,237.231,251.987,250.57,248.445,191.4,213.1,247.0,39.25,66.16,69.57,2.13,2.63,3.67,7.836666666666669,8.703333333333333,0.4923751956925904,9.196666666666667,44.32333333333333,2.3733333333333335,-2.4492935982947064e-16,1.0,19.0,2.1587147225743437,1.4276422579702852
2015-01-01,2015,1,9.11,3.8808,234.747,253.037,185.6,33.08,1.83,448611000.0,0,8.66,8.16,7.27,9.4,9.42,236.252,237.43,237.498,252.628,251.1,249.21,192.9,197.4,208.7,36.81,56.91,73.27,2.57,2.42,2.6,8.030000000000001,8.391666666666666,0.7040596565632689,9.149166666666666,36.38,2.1766666666666667,0.49999999999999994,0.8660254037844387,20.0,2.209372711271867,1.3733643283482926
2015-02-01,2015,2,9.13,3.8795,235.342,253.719,179.0,32.99,1.74,448611000.0,0,9.11,8.66,8.16,8.78,9.58,234.747,236.983,237.46,253.037,251.987,249.801,185.6,191.4,210.6,33.08,39.25,72.21,1.83,2.13,3.13,8.643333333333334,8.343333333333334,0.4752192476461094,9.123333333333333,34.29333333333333,2.046666666666667,0.8660254037844386,0.5000000000000001,20.0,2.211565694606877,1.3245270192583212
2015-03-01,2015,3,9.44,4.0004,235.976,254.108,184.8,45.39,2.13,448611000.0,0,9.13,9.11,8.66,8.08,9.81,235.342,236.252,237.477,253.719,252.628,250.57,179.0,192.9,213.1,32.99,36.81,66.16,1.74,2.57,2.63,8.966666666666669,8.401666666666666,0.2657693235370525,9.085833333333333,37.153333333333336,1.9000000000000004,1.0,6.123233995736766e-17,20.0,2.244955980157409,1.3674446545192054
2015-04-01,2015,4,9.75,4.1275,236.222,254.727,175.8,53.22,2.83,448611000.0,0,9.44,9.13,9.11,7.27,10.27,235.976,234.747,237.43,254.108,253.037,251.1,184.8,185.6,197.4,45.39,33.08,56.91,2.13,1.83,2.42,9.226666666666668,8.628333333333332,0.1850225211517487,9.055,43.86666666666667,2.233333333333334,0.8660254037844387,-0.4999999999999998,20.0,2.277267285009756,1.3008483239419713
2015-05-01,2015,5,10.36,4.3713,237.001,255.322,168.3,60.82,4.44,448611000.0,0,9.75,9.44,9.13,8.16,9.83,236.222,235.342,236.983,254.727,253.719,251.987,175.8,179.0,191.4,53.22,32.99,39.25,2.83,1.74,2.13,9.440000000000001,9.041666666666666,0.3100000000000352,9.011666666666667,53.14333333333334,3.1333333333333333,0.49999999999999994,-0.8660254037844387,20.0,2.337952236831337,1.2453513817942763
2015-06-01,2015,6,9.51,4.0016,237.657,255.846,173.4,71.33,3.55,448611000.0,0,10.36,9.75,9.44,8.66,10.53,237.001,235.976,236.252,255.322,254.108,252.628,168.3,184.8,192.9,60.82,45.39,36.81,4.44,2.13,2.57,9.850000000000001,9.408333333333333,0.46808118953877487,9.055833333333334,61.79,3.606666666666667,1.2246467991473532e-16,-1.0,20.0,2.252343876557299,1.283089302454709
2015-07-01,2015,7,9.1,3.823,238.034,255.905,172.9,73.89,3.23,448611000.0,0,9.51,10.36,9.75,9.11,9.4,237.657,236.222,234.747,255.846,254.727,253.037,173.4,175.8,185.6,71.33,53.22,33.08,3.55,2.83,1.83,9.873333333333335,9.55,0.4382160806421513,8.970833333333333,68.68,3.74,-0.4999999999999997,-0.8660254037844388,20.0,2.2082744135228043,1.2793895063115293
2015-08-01,2015,8,8.47,3.5583,238.033,256.449,162.5,72.91,2.41,448611000.0,0,9.1,9.51,10.36,9.13,8.78,238.034,237.001,235.342,255.905,255.322,253.719,172.9,168.3,179.0,73.89,60.82,32.99,3.23,4.44,1.74,9.656666666666668,9.548333333333332,0.6426766942509754,8.945833333333335,72.71,3.063333333333333,-0.8660254037844384,-0.5000000000000004,20.0,2.136530508663963,1.202433746533392
2015-09-01,2015,9,7.61,3.2042,237.498,257.83,161.9,68.5,2.12,448611000.0,0,8.47,9.1,9.51,9.44,8.08,238.033,237.657,235.976,256.449,255.846,254.108,162.5,173.4,184.8,72.91,71.33,45.39,2.41,3.55,2.13,9.026666666666669,9.438333333333334,0.5238638499966776,8.92,71.76666666666667,2.5866666666666664,-1.0,-1.8369701987210297e-16,20.0,2.0294631718735947,1.1979939911615765
2015-10-01,2015,10,7.25,3.0496,237.733,258.363,160.2,57.24,2.9,448611000.0,0,7.61,8.47,9.1,9.75,7.27,237.498,238.034,236.222,257.83,255.905,254.727,161.9,172.9,175.8,68.5,73.89,53.22,2.12,3.23,2.83,8.393333333333336,9.133333333333333,0.7479527614317119,8.880833333333333,66.21666666666667,2.4766666666666666,-0.8660254037844386,0.5000000000000001,20.0,1.9810014688665833,1.1854146842747655
2015-11-01,2015,11,8.24,3.4619,238.017,258.805,158.1,44.58,3.35,448611000.0,0,7.25,7.61,8.47,10.36,8.16,237.733,238.033,237.001,258.363,256.449,255.322,160.2,162.5,168.3,57.24,72.91,60.82,2.9,2.41,4.44,7.776666666666668,8.716666666666667,0.6268439465555244,8.879166666666666,56.77333333333333,2.7899999999999996,-0.5000000000000004,0.8660254037844384,20.0,2.1090003439213802,1.169875540473411
2015-12-01,2015,12,8.39,3.5288,237.761,259.097,146.8,38.64,4.05,448611000.0,0,8.24,7.25,7.61,9.51,8.66,238.017,237.498,237.657,258.805,257.83,255.846,158.1,161.9,173.4,44.58,68.5,71.33,3.35,2.12,3.55,7.7,8.363333333333332,0.5010987926546714,8.885833333333332,46.82,3.4333333333333336,-2.4492935982947064e-16,1.0,20.0,2.127040520479115,1.0862601476375504
2016-01-01,2016,1,8.65,3.6398,237.652,259.958,155.6,32.22,2.04,450324000.0,0,8.39,8.24,7.25,9.1,9.11,237.761,237.733,238.034,259.097,258.363,255.905,146.8,160.2,172.9,38.64,57.24,73.89,4.05,2.9,3.23,7.960000000000001,8.176666666666668,0.6194352266379254,8.863333333333333,38.48,3.146666666666667,0.49999999999999994,0.8660254037844387,21.0,2.157559320943788,1.155773036988041
2016-02-01,2016,2,8.65,3.6446,237.336,260.319,154.3,39.47,1.93,450324000.0,0,8.65,8.39,8.24,8.47,9.13,237.652,238.017,238.033,259.958,258.805,256.449,155.6,158.1,162.5,32.22,44.58,72.91,2.04,3.35,2.41,8.426666666666668,8.101666666666668,0.20744477176667214,8.825000000000001,36.77666666666667,2.673333333333334,0.8660254037844386,0.5000000000000001,21.0,2.157559320943788,1.146116835522203
2016-03-01,2016,3,9.44,3.9651,238.08,260.883,152.4,47.48,2.92,450324000.0,0,8.65,8.65,8.39,7.61,9.44,237.336,237.761,237.498,260.319,259.097,257.83,154.3,146.8,161.9,39.47,38.64,68.5,1.93,4.05,2.12,8.563333333333334,8.131666666666666,0.15011106998929696,8.784999999999998,39.72333333333333,2.2966666666666664,1.0,6.123233995736766e-17,21.0,2.244955980157409,1.1320039256875158
2016-04-01,2016,4,9.64,4.0336,238.992,261.517,149.4,53.19,3.0,450324000.0,0,9.44,8.65,8.65,7.25,9.75,238.08,237.652,237.733,260.883,259.958,258.363,152.4,155.6,160.2,47.48,32.22,57.24,2.92,2.04,2.9,8.913333333333334,8.436666666666666,0.4561067126598156,8.785,46.71333333333333,2.6166666666666667,0.8660254037844387,-0.4999999999999998,21.0,2.265921108622454,1.1097203838432734
2016-05-01,2016,5,9.93,4.1452,239.557,262.074,149.3,60.31,3.07,450324000.0,0,9.64,9.44,8.65,8.24,10.36,238.992,237.336,238.017,261.517,260.319,258.805,149.4,154.3,158.1,53.19,39.47,44.58,3.0,1.93,3.35,9.243333333333334,8.834999999999999,0.5234819321938015,8.775833333333333,53.66,2.9966666666666666,0.49999999999999994,-0.8660254037844387,21.0,2.295560478057081,1.1089775991151323
2016-06-01,2016,6,10.45,4.3501,240.222,262.529,158.7,71.74,2.48,450324000.0,0,9.93,9.64,9.44,8.39,9.51,239.557,238.08,237.761,262.074,260.883,259.097,149.3,152.4,146.8,60.31,47.48,38.64,3.07,2.92,4.05,9.67,9.116666666666665,0.2463736998951758,8.74,61.74666666666667,2.85,1.2246467991473532e-16,-1.0,21.0,2.34660197841082,1.178799363560425
2016-07-01,2016,7,9.56,3.9817,240.101,263.051,162.6,75.2,2.91,450324000.0,0,10.45,9.93,9.64,8.65,9.1,240.222,238.992,237.652,262.529,261.517,259.958,158.7,149.4,155.6,71.74,53.19,32.22,2.48,3.0,2.04,10.006666666666666,9.46,0.41040630274568496,8.818333333333333,69.08333333333333,2.8200000000000003,-0.4999999999999997,-0.8660254037844388,21.0,2.25758772706331,1.2077679679579403
2016-08-01,2016,8,9.08,3.7748,240.545,263.649,143.8,73.51,3.47,450324000.0,0,9.56,10.45,9.93,8.65,8.47,240.101,239.557,237.336,263.051,262.074,260.319,162.6,149.3,154.3,75.2,60.31,39.47,2.91,3.07,1.93,9.980000000000002,9.611666666666666,0.4471017781222179,8.856666666666667,73.48333333333333,2.953333333333333,-0.8660254037844384,-0.5000000000000004,21.0,2.206074192613202,1.0681244390673543
2016-09-01,2016,9,7.97,3.3046,241.176,264.102,139.7,67.1,2.73,450324000.0,0,9.08,9.56,10.45,9.44,7.61,240.545,240.222,238.08,263.649,262.529,260.883,143.8,158.7,152.4,73.51,71.74,47.48,3.47,2.48,2.92,9.696666666666667,9.683333333333334,0.6951498639382544,8.9075,71.93666666666667,3.0366666666666666,-1.0,-1.8369701987210297e-16,21.0,2.075684492802124,1.037670265213556
2016-10-01,2016,10,7.69,3.1811,241.741,264.459,143.3,57.7,2.39,450324000.0,0,7.97,9.08,9.56,9.64,7.25,241.176,240.101,238.992,264.102,263.051,261.517,139.7,162.6,149.4,67.1,75.2,53.19,2.73,2.91,3.0,8.87,9.438333333333334,0.8155366331441019,8.9375,66.10333333333334,2.8633333333333333,-0.8660254037844386,0.5000000000000001,21.0,2.0399207835175526,1.0644105154266472
2016-11-01,2016,11,8.54,3.5285,242.026,264.699,169.7,47.95,1.75,450324000.0,0,7.69,7.97,9.08,9.93,8.24,241.741,240.545,239.557,264.459,263.649,262.074,143.3,143.8,149.3,57.7,73.51,60.31,2.39,3.47,3.07,8.246666666666668,9.113333333333333,0.7351417096950292,8.974166666666667,57.583333333333336,2.2899999999999996,-0.5000000000000004,0.8660254037844384,21.0,2.1447610078004784,1.2605056836559805
2016-12-01,2016,12,8.9,3.668,242.637,265.104,176.1,32.95,2.72,450324000.0,0,8.54,7.69,7.97,10.45,8.39,242.026,241.176,240.222,264.699,264.102,262.529,169.7,139.7,158.7,47.95,67.1,71.74,1.75,2.73,2.48,8.066666666666668,8.881666666666666,0.43316663460304045,8.999166666666667,46.20000000000001,2.2866666666666666,-2.4492935982947064e-16,1.0,21.0,2.186051276738094,1.308043906257031
2017-01-01,2017,1,8.57,3.5178,243.618,266.079,169.0,33.57,3.23,450921000.0,0,8.9,8.54,7.69,9.56,8.65,242.637,241.741,240.101,265.104,264.459,263.051,176.1,143.3,162.6,32.95,57.7,75.2,2.72,2.39,2.91,8.376666666666667,8.623333333333333,0.62131580805041,9.041666666666666,38.156666666666666,2.566666666666667,0.49999999999999994,0.8660254037844387,22.0,2.1482677326096886,1.2569703652327004
2017-02-01,2017,2,8.82,3.6147,244.006,266.626,171.6,41.16,2.25,450921000.0,0,8.57,8.9,8.54,9.08,8.65,243.618,242.026,240.545,266.079,264.699,263.649,169.0,169.7,143.8,33.57,47.95,73.51,3.23,1.75,3.47,8.67,8.458333333333334,0.19974984355440661,9.035,35.89333333333334,2.733333333333334,0.8660254037844386,0.5000000000000001,22.0,2.1770218700187,1.2763083708516652
2017-03-01,2017,3,9.13,3.7435,243.892,267.055,176.3,46.13,2.59,450921000.0,0,8.82,8.57,8.9,7.97,9.44,244.006,242.637,241.176,266.626,265.104,264.102,171.6,176.1,139.7,41.16,32.95,67.1,2.25,2.72,2.73,8.763333333333334,8.415,0.17214335111570822,9.049166666666666,40.28666666666667,2.69,1.0,6.123233995736766e-17,22.0,2.211565694606877,1.3112655348551783
2017-04-01,2017,4,9.38,3.8412,244.193,267.652,172.6,53.78,3.5,450921000.0,0,9.13,8.82,8.57,7.69,9.64,243.892,243.618,241.741,267.055,266.079,264.459,176.3,169.0,143.3,46.13,33.57,57.7,2.59,3.23,2.39,8.840000000000002,8.608333333333333,0.28053520278213817,9.023333333333333,47.02333333333333,2.78,0.8660254037844387,-0.4999999999999998,22.0,2.238579763018133,1.2837460653204977
2017-05-01,2017,5,9.53,3.9057,244.004,268.128,168.3,60.55,3.36,450921000.0,0,9.38,9.13,8.82,8.54,9.93,244.193,244.006,242.026,267.652,266.626,264.699,172.6,171.6,169.7,53.78,41.16,47.95,3.5,2.25,1.75,9.110000000000001,8.89,0.2805352027821546,9.001666666666667,53.48666666666666,3.15,0.49999999999999994,-0.8660254037844387,22.0,2.254444717666111,1.2517639791045179
2017-06-01,2017,6,9.24,3.7844,244.163,268.225,174.4,70.32,3.06,450921000.0,0,9.53,9.38,9.13,8.9,10.45,244.004,243.892,242.637,268.128,267.055,265.104,168.3,176.3,176.1,60.55,46.13,32.95,3.36,2.59,2.72,9.34666666666667,9.055000000000001,0.2020725942164497,8.968333333333334,61.54999999999999,3.3066666666666666,1.2246467991473532e-16,-1.0,22.0,2.2235418856535927,1.2971339153643964
2017-07-01,2017,7,9.31,3.8118,244.243,268.649,177.4,75.69,2.8,450921000.0,0,9.24,9.53,9.38,8.57,9.56,244.163,244.193,243.618,268.225,267.652,266.079,174.4,172.6,169.0,70.32,53.78,33.57,3.06,3.5,3.23,9.383333333333335,9.111666666666666,0.14502873278549822,8.8675,68.85333333333334,3.073333333333333,-0.4999999999999997,-0.8660254037844388,22.0,2.231089091288976,1.3194469987708939
2017-08-01,2017,8,8.86,3.6136,245.183,269.522,187.1,72.0,3.42,450921000.0,1,9.31,9.24,9.53,8.82,9.08,244.243,244.004,244.006,268.649,268.128,266.626,177.4,168.3,171.6,75.69,60.55,41.16,2.8,3.36,2.25,9.360000000000001,9.235,0.1513274595043256,8.846666666666666,72.67,3.0933333333333333,-0.8660254037844384,-0.5000000000000004,22.0,2.1815467646169897,1.3915926351185697
2017-09-01,2017,9,7.68,3.1164,246.435,270.353,174.4,66.25,2.27,450921000.0,1,8.86,9.31,9.24,9.13,7.97,245.183,244.163,243.892,269.522,268.225,267.055,187.1,174.4,176.3,72.0,70.32,46.13,3.42,3.06,2.59,9.136666666666668,9.241666666666667,0.24214320831557481,8.828333333333333,71.31333333333333,2.8299999999999996,-1.0,-1.8369701987210297e-16,22.0,2.038619547159581,1.2971339153643964
2017-10-01,2017,10,7.19,2.9153,246.626,270.658,182.7,55.69,2.6,450921000.0,1,7.68,8.86,9.31,9.38,7.69,246.435,244.243,244.193,270.353,268.649,267.652,174.4,177.4,172.6,66.25,75.69,53.78,2.27,2.8,3.5,8.616666666666667,9.0,0.841803619220862,8.804166666666667,64.64666666666666,2.7633333333333336,-0.8660254037844386,0.5000000000000001,22.0,1.9726911717329554,1.3588667794557063
2017-11-01,2017,11,7.88,3.1866,247.284,271.152,191.7,45.03,1.62,450921000.0,1,7.19,7.68,8.86,9.53,8.54,246.626,245.183,244.004,270.658,269.522,268.128,182.7,187.1,168.3,55.69,72.0,60.55,2.6,3.42,3.36,7.91,8.635,0.85842879728023,8.762500000000001,55.656666666666666,2.1633333333333336,-0.5000000000000004,0.8660254037844384,22.0,2.064327903869788,1.425806029675199
2017-12-01,2017,12,8.35,3.3696,247.805,271.811,170.3,34.29,1.59,450921000.0,1,7.88,7.19,7.68,9.24,8.9,247.284,246.435,244.163,271.152,270.353,268.225,191.7,174.4,174.4,45.03,66.25,70.32,1.62,2.27,3.06,7.583333333333333,8.36,0.35501173689514026,8.7075,45.00333333333333,1.9366666666666668,-2.4492935982947064e-16,1.0,22.0,2.122261538862764,1.266639368042183
